Mouse,Date,Neuron,Group,Fano Factor
18S,071924,0,Preferred,5.5981834573591565
18S,071924,0,Null,6.662720023330513
18S,071924,0,Plaid,5.44593378683876
18S,071924,0,Grating,7.24790448414792
18S,071924,0,Plaid Pref/Null,5.44593378683876
18S,071924,1,Preferred,0.527031608479817
18S,071924,1,Null,0.3847511731026201
18S,071924,1,Plaid,0.2458990336730843
18S,071924,1,Grating,0.5109195836106851
18S,071924,1,Plaid Pref/Null,0.2458990336730843
18S,071924,2,Preferred,2.1383284216308183
18S,071924,2,Null,1.7963822393723812
18S,071924,2,Plaid,2.051937240389487
18S,071924,2,Grating,1.7921279447740317
18S,071924,2,Plaid Pref/Null,2.051937240389487
18S,071924,3,Preferred,2.8070779728567463
18S,071924,3,Null,2.741056941641649
18S,071924,3,Plaid,2.6858470641082453
18S,071924,3,Grating,1.153188515500924
18S,071924,3,Plaid Pref/Null,2.6858470641082453
18S,071924,4,Preferred,2.693717239008667
18S,071924,4,Null,5.153400041136604
18S,071924,4,Plaid,4.95025200082863
18S,071924,4,Grating,5.641426591989043
18S,071924,4,Plaid Pref/Null,4.95025200082863
18S,071924,5,Preferred,7.3813494261597254
18S,071924,5,Null,3.8148915280913283
18S,071924,5,Plaid,1.384487704808818
18S,071924,5,Grating,6.4076920601356715
18S,071924,5,Plaid Pref/Null,1.384487704808818
18S,071924,6,Preferred,2.9638071293380808
18S,071924,6,Null,1.8351119898103492
18S,071924,6,Plaid,2.247526802268846
18S,071924,6,Grating,1.4451831488018057
18S,071924,6,Plaid Pref/Null,2.247526802268846
18S,071924,7,Preferred,2.3561235293183813
18S,071924,7,Null,2.5282855124795995
18S,071924,7,Plaid,1.6628618302581024
18S,071924,7,Grating,4.092937356390589
18S,071924,7,Plaid Pref/Null,1.6628618302581024
18S,071924,8,Preferred,3.817619563412361
18S,071924,8,Null,3.2386058744426065
18S,071924,8,Plaid,3.4508596949788055
18S,071924,8,Grating,4.470376883975162
18S,071924,8,Plaid Pref/Null,3.4508596949788055
18S,071924,9,Preferred,3.546255917283723
18S,071924,9,Null,1.9100548547954326
18S,071924,9,Plaid,0.8785710740698979
18S,071924,9,Grating,2.713273167338036
18S,071924,9,Plaid Pref/Null,0.8785710740698979
18S,071924,10,Preferred,1.5490359772376874
18S,071924,10,Null,1.3991002616311001
18S,071924,10,Plaid,1.735380507609856
18S,071924,10,Grating,0.9708129952059695
18S,071924,10,Plaid Pref/Null,1.735380507609856
18S,071924,11,Preferred,4.872753861214007
18S,071924,11,Null,2.676133610719977
18S,071924,11,Plaid,3.5595233630850216
18S,071924,11,Grating,3.771371663103554
18S,071924,11,Plaid Pref/Null,3.5595233630850216
18S,071924,12,Preferred,3.0986222797075795
18S,071924,12,Null,1.8885269915506562
18S,071924,12,Plaid,0.9906613536953415
18S,071924,12,Grating,2.590476391678354
18S,071924,12,Plaid Pref/Null,0.9906613536953415
18S,071924,13,Preferred,4.817347603842289
18S,071924,13,Null,3.989795900826799
18S,071924,13,Plaid,3.785833596321267
18S,071924,13,Grating,4.43849240635882
18S,071924,13,Plaid Pref/Null,3.785833596321267
18S,071924,14,Preferred,3.092575242624112
18S,071924,14,Null,2.72942338014036
18S,071924,14,Plaid,2.674351812834232
18S,071924,14,Grating,2.8212141375873623
18S,071924,14,Plaid Pref/Null,2.674351812834232
18S,071924,15,Preferred,1.8368088477818216
18S,071924,15,Null,1.574044617066645
18S,071924,15,Plaid,1.644400192950041
18S,071924,15,Grating,1.586466537349666
18S,071924,15,Plaid Pref/Null,1.644400192950041
18S,071924,16,Preferred,3.663606833432317
18S,071924,16,Null,3.394952692908635
18S,071924,16,Plaid,3.576446798206974
18S,071924,16,Grating,3.412018968874458
18S,071924,16,Plaid Pref/Null,3.576446798206974
18S,071924,17,Preferred,1.004443571426571
18S,071924,17,Null,0.8327427076854224
18S,071924,17,Plaid,1.0830224836600983
18S,071924,17,Grating,0.6557662858500855
18S,071924,17,Plaid Pref/Null,1.0830224836600983
18S,071924,18,Preferred,4.0060952639127345
18S,071924,18,Null,2.6217162729191394
18S,071924,18,Plaid,2.9602564169909087
18S,071924,18,Grating,2.986738941365381
18S,071924,18,Plaid Pref/Null,2.9602564169909087
18S,071924,19,Preferred,1.4222996896711102
18S,071924,19,Null,1.6458092603206087
18S,071924,19,Plaid,1.4000329921598236
18S,071924,19,Grating,1.7061287353534447
18S,071924,19,Plaid Pref/Null,1.4000329921598236
18S,071924,20,Preferred,1.7388566878751186
18S,071924,20,Null,1.158571644375133
18S,071924,20,Plaid,0.651600127050266
18S,071924,20,Grating,1.919561270451248
18S,071924,20,Plaid Pref/Null,0.651600127050266
18S,071924,21,Preferred,3.35465770145968
18S,071924,21,Null,2.389900695901705
18S,071924,21,Plaid,3.084109595040073
18S,071924,21,Grating,2.5787500708998516
18S,071924,21,Plaid Pref/Null,3.084109595040073
18S,071924,22,Preferred,1.4688324900531955
18S,071924,22,Null,0.8884695501601392
18S,071924,22,Plaid,1.6880034111375288
18S,071924,22,Grating,1.1668562401446763
18S,071924,22,Plaid Pref/Null,1.6880034111375288
18S,071924,23,Preferred,3.8333767922297164
18S,071924,23,Null,1.9004780374545873
18S,071924,23,Plaid,3.182283201551283
18S,071924,23,Grating,2.2568628109670303
18S,071924,23,Plaid Pref/Null,3.182283201551283
18S,071924,24,Preferred,0.21213244528604605
18S,071924,24,Null,0.2042938842959745
18S,071924,24,Plaid,0.21980245087244699
18S,071924,24,Grating,0.19786878473201033
18S,071924,24,Plaid Pref/Null,0.21980245087244699
18S,071924,25,Preferred,2.413817215180694
18S,071924,25,Null,1.9852275529863554
18S,071924,25,Plaid,2.0575985442934006
18S,071924,25,Grating,2.0298024901562775
18S,071924,25,Plaid Pref/Null,2.0575985442934006
18S,071924,26,Preferred,1.919725909265246
18S,071924,26,Null,0.9211116938324615
18S,071924,26,Plaid,1.7124373584447758
18S,071924,26,Grating,0.965619192470482
18S,071924,26,Plaid Pref/Null,1.7124373584447758
18S,071924,27,Preferred,1.8154636822967252
18S,071924,27,Null,1.511949426680639
18S,071924,27,Plaid,2.016679793496156
18S,071924,27,Grating,1.2954303953181925
18S,071924,27,Plaid Pref/Null,2.016679793496156
18S,071924,28,Preferred,1.6625209823952298
18S,071924,28,Null,1.2786043783399719
18S,071924,28,Plaid,1.5718704377542267
18S,071924,28,Grating,1.1052425787346594
18S,071924,28,Plaid Pref/Null,1.5718704377542267
18S,071924,29,Preferred,2.479035681111648
18S,071924,29,Null,1.200367497392076
18S,071924,29,Plaid,2.1244819506385073
18S,071924,29,Grating,1.2454265286392165
18S,071924,29,Plaid Pref/Null,2.1244819506385073
18S,071924,30,Preferred,1.7560072671397178
18S,071924,30,Null,1.2128336319631223
18S,071924,30,Plaid,0.3091981200630234
18S,071924,30,Grating,1.6626045373865603
18S,071924,30,Plaid Pref/Null,0.3091981200630234
18S,071924,31,Preferred,3.102099767795972
18S,071924,31,Null,1.0755120931276057
18S,071924,31,Plaid,0.6693539475429792
18S,071924,31,Grating,1.8575639085270164
18S,071924,31,Plaid Pref/Null,0.6693539475429792
18S,071924,32,Preferred,1.9306183727357868
18S,071924,32,Null,0.6643460575409331
18S,071924,32,Plaid,0.9093468064346162
18S,071924,32,Grating,1.0452561587901608
18S,071924,32,Plaid Pref/Null,0.9093468064346162
18S,071924,33,Preferred,1.8257076601170739
18S,071924,33,Null,1.894865271037875
18S,071924,33,Plaid,2.597298579732072
18S,071924,33,Grating,1.4270308526487663
18S,071924,33,Plaid Pref/Null,2.597298579732072
18S,071924,34,Preferred,2.990580080973539
18S,071924,34,Null,1.9486652897522267
18S,071924,34,Plaid,2.9365803170879117
18S,071924,34,Grating,1.635458850383036
18S,071924,34,Plaid Pref/Null,2.9365803170879117
18S,071924,35,Preferred,3.8661980373537665
18S,071924,35,Null,2.4872683011803236
18S,071924,35,Plaid,2.877229552254815
18S,071924,35,Grating,2.8342316431653303
18S,071924,35,Plaid Pref/Null,2.877229552254815
18S,071924,36,Preferred,2.0824109370960824
18S,071924,36,Null,0.9128345695966589
18S,071924,36,Plaid,0.47583305932345477
18S,071924,36,Grating,1.409824310565491
18S,071924,36,Plaid Pref/Null,0.47583305932345477
18S,071924,37,Preferred,2.4665356129798206
18S,071924,37,Null,1.7976749010822242
18S,071924,37,Plaid,1.356917412458382
18S,071924,37,Grating,2.3188187871585324
18S,071924,37,Plaid Pref/Null,1.356917412458382
18S,071924,38,Preferred,0.2936599923372843
18S,071924,38,Null,0.24342332598921668
18S,071924,38,Plaid,0.2886200727343151
18S,071924,38,Grating,0.23004347786654306
18S,071924,38,Plaid Pref/Null,0.2886200727343151
18S,071924,39,Preferred,1.3324838767407277
18S,071924,39,Null,1.6096732476084195
18S,071924,39,Plaid,1.1256528195052584
18S,071924,39,Grating,1.7696930754229685
18S,071924,39,Plaid Pref/Null,1.1256528195052584
18S,071924,40,Preferred,3.076040967913927
18S,071924,40,Null,2.66123365780502
18S,071924,40,Plaid,2.6457763965074026
18S,071924,40,Grating,2.8129566645304886
18S,071924,40,Plaid Pref/Null,2.6457763965074026
18S,071924,41,Preferred,1.1432297576633264
18S,071924,41,Null,0.7825859762204742
18S,071924,41,Plaid,0.9293394129349735
18S,071924,41,Grating,0.9753559895655562
18S,071924,41,Plaid Pref/Null,0.9293394129349735
18S,071924,42,Preferred,1.3948280948522505
18S,071924,42,Null,0.7581299337008707
18S,071924,42,Plaid,0.5835082725999307
18S,071924,42,Grating,0.9795800883766428
18S,071924,42,Plaid Pref/Null,0.5835082725999307
18S,071924,43,Preferred,0.18014409025109285
18S,071924,43,Null,0.16679180720553097
18S,071924,43,Plaid,0.14120113661196368
18S,071924,43,Grating,0.18323207324615817
18S,071924,43,Plaid Pref/Null,0.14120113661196368
18S,071924,44,Preferred,2.1422556769861005
18S,071924,44,Null,1.089587506055233
18S,071924,44,Plaid,0.8556359774763684
18S,071924,44,Grating,1.5770131412136075
18S,071924,44,Plaid Pref/Null,0.8556359774763684
18S,071924,45,Preferred,3.51042495929637
18S,071924,45,Null,1.9514511390066944
18S,071924,45,Plaid,1.816443764779289
18S,071924,45,Grating,2.562545087850201
18S,071924,45,Plaid Pref/Null,1.816443764779289
18S,071924,46,Preferred,1.4997294047586927
18S,071924,46,Null,1.574935580758221
18S,071924,46,Plaid,1.8881804871152497
18S,071924,46,Grating,1.4102682998573468
18S,071924,46,Plaid Pref/Null,1.8881804871152497
18S,071924,47,Preferred,2.094748729520377
18S,071924,47,Null,1.429857996869495
18S,071924,47,Plaid,1.0844226317873364
18S,071924,47,Grating,1.7309285472724412
18S,071924,47,Plaid Pref/Null,1.0844226317873364
18S,071924,48,Preferred,3.1838005401488862
18S,071924,48,Null,1.9121501362212747
18S,071924,48,Plaid,1.8219207648779454
18S,071924,48,Grating,2.1977642478710164
18S,071924,48,Plaid Pref/Null,1.8219207648779454
18S,071924,49,Preferred,4.132741550837024
18S,071924,49,Null,3.1154223904533995
18S,071924,49,Plaid,3.2214823114705045
18S,071924,49,Grating,3.3207346567109526
18S,071924,49,Plaid Pref/Null,3.2214823114705045
18S,071924,50,Preferred,2.0958942698996603
18S,071924,50,Null,1.39854186393713
18S,071924,50,Plaid,0.4217681413501334
18S,071924,50,Grating,1.9453525686674398
18S,071924,50,Plaid Pref/Null,0.4217681413501334
18S,071924,51,Preferred,0.7095506163197846
18S,071924,51,Null,0.3864434159469353
18S,071924,51,Plaid,0.20263217748150383
18S,071924,51,Grating,0.5172853813155649
18S,071924,51,Plaid Pref/Null,0.20263217748150383
18S,071924,52,Preferred,3.5942462841231846
18S,071924,52,Null,1.3429698320231955
18S,071924,52,Plaid,1.0675352085868337
18S,071924,52,Grating,2.029740610327072
18S,071924,52,Plaid Pref/Null,1.0675352085868337
18S,071924,53,Preferred,2.6891144368633597
18S,071924,53,Null,1.2521169806293215
18S,071924,53,Plaid,1.7547240553535273
18S,071924,53,Grating,1.5260902131709941
18S,071924,53,Plaid Pref/Null,1.7547240553535273
18S,071924,54,Preferred,1.475638182439516
18S,071924,54,Null,1.076564758107156
18S,071924,54,Plaid,1.2199065747903097
18S,071924,54,Grating,1.1079055818490011
18S,071924,54,Plaid Pref/Null,1.2199065747903097
18S,071924,55,Preferred,1.1476045487654511
18S,071924,55,Null,0.7564491871799278
18S,071924,55,Plaid,1.3105258226809078
18S,071924,55,Grating,0.33784121017730406
18S,071924,55,Plaid Pref/Null,1.3105258226809078
18S,071924,56,Preferred,2.6397603478524903
18S,071924,56,Null,2.0151456101257006
18S,071924,56,Plaid,2.1768992321598772
18S,071924,56,Grating,1.884160422054423
18S,071924,56,Plaid Pref/Null,2.1768992321598772
18S,071924,57,Preferred,0.6314104883495173
18S,071924,57,Null,0.500979577845112
18S,071924,57,Plaid,0.6735148726031136
18S,071924,57,Grating,0.43270321767487907
18S,071924,57,Plaid Pref/Null,0.6735148726031136
18S,071924,58,Preferred,1.411329660510311
18S,071924,58,Null,0.9147523509181014
18S,071924,58,Plaid,1.0249896809844636
18S,071924,58,Grating,1.0238877227726457
18S,071924,58,Plaid Pref/Null,1.0249896809844636
18S,071924,59,Preferred,2.7739180791666445
18S,071924,59,Null,1.897157504347971
18S,071924,59,Plaid,1.2362483697519153
18S,071924,59,Grating,2.3871810947627683
18S,071924,59,Plaid Pref/Null,1.2362483697519153
18S,071924,60,Preferred,1.5586742478926803
18S,071924,60,Null,0.7619519870104885
18S,071924,60,Plaid,1.0958205628823
18S,071924,60,Grating,0.6464414902793587
18S,071924,60,Plaid Pref/Null,1.0958205628823
18S,071924,61,Preferred,0.7569169768402824
18S,071924,61,Null,0.5517713368553825
18S,071924,61,Plaid,0.5502255232097482
18S,071924,61,Grating,0.6299571587935424
18S,071924,61,Plaid Pref/Null,0.5502255232097482
18S,071924,62,Preferred,0.346973326627492
18S,071924,62,Null,0.25604411101559016
18S,071924,62,Plaid,0.24202465327543965
18S,071924,62,Grating,0.28639897772300354
18S,071924,62,Plaid Pref/Null,0.24202465327543965
18S,071924,63,Preferred,2.5483672304862965
18S,071924,63,Null,1.2630652046994315
18S,071924,63,Plaid,2.3594001697334703
18S,071924,63,Grating,1.5684144061203127
18S,071924,63,Plaid Pref/Null,2.3594001697334703
18S,071924,64,Preferred,0.6486540757206706
18S,071924,64,Null,0.3285917045375074
18S,071924,64,Plaid,0.3009216753272692
18S,071924,64,Grating,0.3929768168276726
18S,071924,64,Plaid Pref/Null,0.3009216753272692
18S,071924,65,Preferred,1.1187152812665078
18S,071924,65,Null,0.5163329234355102
18S,071924,65,Plaid,0.5062218204554904
18S,071924,65,Grating,0.7240910485838007
18S,071924,65,Plaid Pref/Null,0.5062218204554904
18S,071924,66,Preferred,1.5781756387607857
18S,071924,66,Null,0.4822724313952193
18S,071924,66,Plaid,0.3969264216877368
18S,071924,66,Grating,1.1443481776499915
18S,071924,66,Plaid Pref/Null,0.3969264216877368
18S,071924,67,Preferred,2.0417781848788517
18S,071924,67,Null,0.5359975242340697
18S,071924,67,Plaid,1.4069330769544381
18S,071924,67,Grating,0.7359798887759837
18S,071924,67,Plaid Pref/Null,1.4069330769544381
18S,071924,68,Preferred,0.341927985286005
18S,071924,68,Null,0.2881664095755303
18S,071924,68,Plaid,0.287566916610138
18S,071924,68,Grating,0.30490906769160026
18S,071924,68,Plaid Pref/Null,0.287566916610138
18S,071924,69,Preferred,1.3547380099135682
18S,071924,69,Null,0.9485455952220114
18S,071924,69,Plaid,1.1735871550894648
18S,071924,69,Grating,0.8960719360218791
18S,071924,69,Plaid Pref/Null,1.1735871550894648
18S,071924,70,Preferred,0.9074284408172034
18S,071924,70,Null,0.44954349228966034
18S,071924,70,Plaid,0.4410308129455623
18S,071924,70,Grating,0.5379485757732017
18S,071924,70,Plaid Pref/Null,0.4410308129455623
18S,071924,71,Preferred,0.9413326809248799
18S,071924,71,Null,0.4258639704695003
18S,071924,71,Plaid,0.4554465249513863
18S,071924,71,Grating,0.5803982216241146
18S,071924,71,Plaid Pref/Null,0.4554465249513863
18S,071924,72,Preferred,0.9574870203060585
18S,071924,72,Null,0.30597997153081075
18S,071924,72,Plaid,0.43022427944088526
18S,071924,72,Grating,0.41469872260196455
18S,071924,72,Plaid Pref/Null,0.43022427944088526
18S,071924,73,Preferred,0.3607509376006338
18S,071924,73,Null,0.24983703311738328
18S,071924,73,Plaid,0.3915033518675224
18S,071924,73,Grating,0.17673916881179208
18S,071924,73,Plaid Pref/Null,0.3915033518675224
18S,071924,74,Preferred,1.4956849097954474
18S,071924,74,Null,0.7710166635622197
18S,071924,74,Plaid,1.0822865408471312
18S,071924,74,Grating,0.8164181280376172
18S,071924,74,Plaid Pref/Null,1.0822865408471312
18S,071924,75,Preferred,0.35119304284577957
18S,071924,75,Null,0.32844752140653544
18S,071924,75,Plaid,0.39006809853190055
18S,071924,75,Grating,0.29705788460510846
18S,071924,75,Plaid Pref/Null,0.39006809853190055
18S,072024,0,Preferred,2.5082042878501634
18S,072024,0,Null,5.938645921790604
18S,072024,0,Plaid,3.3053647719580175
18S,072024,0,Grating,5.837415322542603
18S,072024,0,Plaid Pref/Null,3.3053647719580175
18S,072024,1,Preferred,4.603217959283604
18S,072024,1,Null,5.148530337580379
18S,072024,1,Plaid,4.881019398525116
18S,072024,1,Grating,5.138465262457163
18S,072024,1,Plaid Pref/Null,4.881019398525116
18S,072024,2,Preferred,2.054146812086664
18S,072024,2,Null,3.350242076326238
18S,072024,2,Plaid,3.6339179351884927
18S,072024,2,Grating,3.0179061637253257
18S,072024,2,Plaid Pref/Null,3.6339179351884927
18S,072024,3,Preferred,3.5495569340933466
18S,072024,3,Null,3.348484172825472
18S,072024,3,Plaid,3.4338639404940063
18S,072024,3,Grating,5.088426440664128
18S,072024,3,Plaid Pref/Null,3.4338639404940063
18S,072024,4,Preferred,2.3607317454757375
18S,072024,4,Null,3.124821094921086
18S,072024,4,Plaid,2.3925367196217855
18S,072024,4,Grating,4.204278681851854
18S,072024,4,Plaid Pref/Null,2.3925367196217855
18S,072024,5,Preferred,3.1005765405301005
18S,072024,5,Null,2.782750745985674
18S,072024,5,Plaid,3.186505671869215
18S,072024,5,Grating,2.287700351737693
18S,072024,5,Plaid Pref/Null,3.186505671869215
18S,072024,6,Preferred,2.84381428551892
18S,072024,6,Null,1.2903869141158189
18S,072024,6,Plaid,2.126559772040911
18S,072024,6,Grating,1.4756723094574102
18S,072024,6,Plaid Pref/Null,2.126559772040911
18S,072024,7,Preferred,5.393492707549534
18S,072024,7,Null,2.701959957785488
18S,072024,7,Plaid,1.1810794629335608
18S,072024,7,Grating,4.720601562545632
18S,072024,7,Plaid Pref/Null,1.1810794629335608
18S,072024,8,Preferred,0.3182959792722402
18S,072024,8,Null,0.30256150557937156
18S,072024,8,Plaid,0.24103846466003379
18S,072024,8,Grating,0.3374056654245191
18S,072024,8,Plaid Pref/Null,0.24103846466003379
18S,072024,9,Preferred,2.4302510047197434
18S,072024,9,Null,1.8426913754285958
18S,072024,9,Plaid,2.262195628253874
18S,072024,9,Grating,1.5381497963152035
18S,072024,9,Plaid Pref/Null,2.262195628253874
18S,072024,10,Preferred,2.132791564066515
18S,072024,10,Null,1.481726051173506
18S,072024,10,Plaid,1.9039652303897756
18S,072024,10,Grating,0.9636482559809774
18S,072024,10,Plaid Pref/Null,1.9039652303897756
18S,072024,11,Preferred,2.120713965588753
18S,072024,11,Null,1.497825544496396
18S,072024,11,Plaid,1.5054941228649739
18S,072024,11,Grating,2.3532650976229594
18S,072024,11,Plaid Pref/Null,1.5054941228649739
18S,072024,12,Preferred,1.6052822018889557
18S,072024,12,Null,0.7238442922663049
18S,072024,12,Plaid,1.1855159767836192
18S,072024,12,Grating,1.162218122341028
18S,072024,12,Plaid Pref/Null,1.1855159767836192
18S,072024,13,Preferred,1.6127859623401695
18S,072024,13,Null,1.4138413402711465
18S,072024,13,Plaid,1.5072475109714047
18S,072024,13,Grating,1.3989436084951947
18S,072024,13,Plaid Pref/Null,1.5072475109714047
18S,072024,14,Preferred,2.9597616382124765
18S,072024,14,Null,1.2986087128569368
18S,072024,14,Plaid,1.8290310144143873
18S,072024,14,Grating,1.6931286715765224
18S,072024,14,Plaid Pref/Null,1.8290310144143873
18S,072024,15,Preferred,0.43902191232827664
18S,072024,15,Null,0.39965404542298066
18S,072024,15,Plaid,0.32707067910094423
18S,072024,15,Grating,0.44544195749307464
18S,072024,15,Plaid Pref/Null,0.32707067910094423
18S,072024,16,Preferred,0.9224612603047505
18S,072024,16,Null,0.29997999228579286
18S,072024,16,Plaid,0.22976090448014544
18S,072024,16,Grating,0.5041146080768344
18S,072024,16,Plaid Pref/Null,0.22976090448014544
18S,072024,17,Preferred,0.40119255462188286
18S,072024,17,Null,0.33899291350293703
18S,072024,17,Plaid,0.34240003883638165
18S,072024,17,Grating,0.3478808693375322
18S,072024,17,Plaid Pref/Null,0.34240003883638165
18S,072024,18,Preferred,0.8475290288751997
18S,072024,18,Null,0.5230265801204187
18S,072024,18,Plaid,0.3606692311586779
18S,072024,18,Grating,0.6449258929595534
18S,072024,18,Plaid Pref/Null,0.3606692311586779
18S,072024,19,Preferred,2.3031614211596985
18S,072024,19,Null,1.6758660088029345
18S,072024,19,Plaid,1.330099911421726
18S,072024,19,Grating,1.9428682209449306
18S,072024,19,Plaid Pref/Null,1.330099911421726
18S,072024,20,Preferred,0.9863653642382327
18S,072024,20,Null,0.5443717055804693
18S,072024,20,Plaid,0.2665472950282281
18S,072024,20,Grating,0.8154783513828318
18S,072024,20,Plaid Pref/Null,0.2665472950282281
18S,072024,21,Preferred,0.304961709346801
18S,072024,21,Null,0.226102171155337
18S,072024,21,Plaid,0.20857457287913592
18S,072024,21,Grating,0.24539691038789813
18S,072024,21,Plaid Pref/Null,0.20857457287913592
18S,072024,22,Preferred,0.7740190708809725
18S,072024,22,Null,0.5200854049002259
18S,072024,22,Plaid,0.5968933799489057
18S,072024,22,Grating,0.5777786109838436
18S,072024,22,Plaid Pref/Null,0.5968933799489057
18S,072024,23,Preferred,0.7127898470636251
18S,072024,23,Null,0.5678848868346575
18S,072024,23,Plaid,0.5640057409456324
18S,072024,23,Grating,0.6054877036044148
18S,072024,23,Plaid Pref/Null,0.5640057409456324
18S,072024,24,Preferred,0.4323771418851973
18S,072024,24,Null,0.4509328412095365
18S,072024,24,Plaid,0.2911476591673036
18S,072024,24,Grating,0.5182247235173032
18S,072024,24,Plaid Pref/Null,0.2911476591673036
18S,072024,25,Preferred,1.1545886874582598
18S,072024,25,Null,0.3563993414864007
18S,072024,25,Plaid,0.34994404008142643
18S,072024,25,Grating,0.5323040846199326
18S,072024,25,Plaid Pref/Null,0.34994404008142643
18S,072024,26,Preferred,0.37193364648895405
18S,072024,26,Null,0.6355252710531891
18S,072024,26,Plaid,0.5561167651445544
18S,072024,26,Grating,0.6397243524869309
18S,072024,26,Plaid Pref/Null,0.5561167651445544
18S,072024,27,Preferred,2.905501117291959
18S,072024,27,Null,1.68826184344825
18S,072024,27,Plaid,1.071555460578019
18S,072024,27,Grating,2.2183727870576635
18S,072024,27,Plaid Pref/Null,1.071555460578019
18S,072024,28,Preferred,1.9819292164199465
18S,072024,28,Null,0.8767203431533226
18S,072024,28,Plaid,1.6028207152745628
18S,072024,28,Grating,0.7841557166377525
18S,072024,28,Plaid Pref/Null,1.6028207152745628
18S,072024,29,Preferred,1.7687463054431398
18S,072024,29,Null,1.6558580353726002
18S,072024,29,Plaid,2.3871732999434365
18S,072024,29,Grating,1.1726762511461706
18S,072024,29,Plaid Pref/Null,2.3871732999434365
18S,072024,30,Preferred,0.8853777234431921
18S,072024,30,Null,0.7503441929545709
18S,072024,30,Plaid,0.7795282517235061
18S,072024,30,Grating,0.7651518418707481
18S,072024,30,Plaid Pref/Null,0.7795282517235061
18S,072024,31,Preferred,0.6680151981534685
18S,072024,31,Null,0.4085166561629218
18S,072024,31,Plaid,0.4140102388883787
18S,072024,31,Grating,0.44649030581628735
18S,072024,31,Plaid Pref/Null,0.4140102388883787
18S,072024,32,Preferred,0.7368334002224073
18S,072024,32,Null,0.7324808605930582
18S,072024,32,Plaid,0.8159773148874366
18S,072024,32,Grating,0.6906419505929261
18S,072024,32,Plaid Pref/Null,0.8159773148874366
18S,072024,33,Preferred,0.9853969190253877
18S,072024,33,Null,0.47787782145231106
18S,072024,33,Plaid,0.3800910252629728
18S,072024,33,Grating,0.7169079153202826
18S,072024,33,Plaid Pref/Null,0.3800910252629728
18S,072024,34,Preferred,1.3337528882874314
18S,072024,34,Null,0.4525351276480132
18S,072024,34,Plaid,0.4479833102943802
18S,072024,34,Grating,0.6348322160365455
18S,072024,34,Plaid Pref/Null,0.4479833102943802
18S,072024,35,Preferred,0.6530757698991605
18S,072024,35,Null,0.5468661909101611
18S,072024,35,Plaid,0.7937826738819297
18S,072024,35,Grating,0.34323391654265084
18S,072024,35,Plaid Pref/Null,0.7937826738819297
18S,072024,36,Preferred,0.8188751504483996
18S,072024,36,Null,0.6529735404591573
18S,072024,36,Plaid,0.8546225433594787
18S,072024,36,Grating,0.5293914742402268
18S,072024,36,Plaid Pref/Null,0.8546225433594787
18S,072024,37,Preferred,1.4500280769879161
18S,072024,37,Null,0.4048181500084249
18S,072024,37,Plaid,0.5024591587681354
18S,072024,37,Grating,0.6995429129903263
18S,072024,37,Plaid Pref/Null,0.5024591587681354
18S,072024,38,Preferred,0.3213869988422321
18S,072024,38,Null,0.2864419611394923
18S,072024,38,Plaid,0.28940884459497784
18S,072024,38,Grating,0.2964248358382438
18S,072024,38,Plaid Pref/Null,0.28940884459497784
18S,072024,39,Preferred,1.1788705677032096
18S,072024,39,Null,0.8385055267247169
18S,072024,39,Plaid,1.3033769090325356
18S,072024,39,Grating,0.4522685347358398
18S,072024,39,Plaid Pref/Null,1.3033769090325356
18S,072024,40,Preferred,2.2715351135954833
18S,072024,40,Null,1.5955193249592527
18S,072024,40,Plaid,1.95029730157032
18S,072024,40,Grating,1.4151575123368683
18S,072024,40,Plaid Pref/Null,1.95029730157032
18S,072024,41,Preferred,0.8973767299014783
18S,072024,41,Null,0.3360947736548079
18S,072024,41,Plaid,0.2966840909265331
18S,072024,41,Grating,0.47176889264941285
18S,072024,41,Plaid Pref/Null,0.2966840909265331
18S,072024,42,Preferred,0.5861536217197302
18S,072024,42,Null,0.3043023066897967
18S,072024,42,Plaid,0.3594716355132948
18S,072024,42,Grating,0.350905621804545
18S,072024,42,Plaid Pref/Null,0.3594716355132948
18S,072024,43,Preferred,0.839473409568324
18S,072024,43,Null,0.7220822707303335
18S,072024,43,Plaid,0.6643266278428271
18S,072024,43,Grating,0.8041757133993165
18S,072024,43,Plaid Pref/Null,0.6643266278428271
18S,072024,44,Preferred,1.399250684167046
18S,072024,44,Null,0.9308250601712454
18S,072024,44,Plaid,0.6141668395133225
18S,072024,44,Grating,1.1563485011635983
18S,072024,44,Plaid Pref/Null,0.6141668395133225
18S,072024,45,Preferred,0.44301307788449135
18S,072024,45,Null,0.3534031247417652
18S,072024,45,Plaid,0.2958194379552807
18S,072024,45,Grating,0.39212920105526106
18S,072024,45,Plaid Pref/Null,0.2958194379552807
18S,072024,46,Preferred,0.6297895956800238
18S,072024,46,Null,0.35186065624831236
18S,072024,46,Plaid,0.511845552432526
18S,072024,46,Grating,0.5067130091165342
18S,072024,46,Plaid Pref/Null,0.511845552432526
18S,072024,47,Preferred,0.43036739296598847
18S,072024,47,Null,0.33434046231903564
18S,072024,47,Plaid,0.2967378521887478
18S,072024,47,Grating,0.36481856515109956
18S,072024,47,Plaid Pref/Null,0.2967378521887478
18S,072024,48,Preferred,0.5293408475068843
18S,072024,48,Null,0.3708718077422135
18S,072024,48,Plaid,0.5021469213144778
18S,072024,48,Grating,0.2961273522990698
18S,072024,48,Plaid Pref/Null,0.5021469213144778
18S,072024,49,Preferred,0.79330148909824
18S,072024,49,Null,0.632145608481243
18S,072024,49,Plaid,0.35459909078145496
18S,072024,49,Grating,0.7574794038235808
18S,072024,49,Plaid Pref/Null,0.35459909078145496
18S,072024,50,Preferred,1.8671288401807882
18S,072024,50,Null,1.6799759740822509
18S,072024,50,Plaid,1.898569322123799
18S,072024,50,Grating,1.6335665188766042
18S,072024,50,Plaid Pref/Null,1.898569322123799
18S,072024,51,Preferred,0.8735809738946902
18S,072024,51,Null,0.4346574288587113
18S,072024,51,Plaid,0.527950036428457
18S,072024,51,Grating,0.5697832544064398
18S,072024,51,Plaid Pref/Null,0.527950036428457
18S,072024,52,Preferred,1.0618314514934608
18S,072024,52,Null,0.5528537248543202
18S,072024,52,Plaid,1.0206376248156195
18S,072024,52,Grating,0.7330321885103497
18S,072024,52,Plaid Pref/Null,1.0206376248156195
18S,072024,53,Preferred,0.279813102060696
18S,072024,53,Null,0.46398817633661427
18S,072024,53,Plaid,0.6772061826874457
18S,072024,53,Grating,0.32201076263046724
18S,072024,53,Plaid Pref/Null,0.6772061826874457
18S,072024,54,Preferred,0.7463448721335121
18S,072024,54,Null,0.44459825856175683
18S,072024,54,Plaid,0.613299320625925
18S,072024,54,Grating,0.5321599234395966
18S,072024,54,Plaid Pref/Null,0.613299320625925
18S,072024,55,Preferred,0.7604540031037424
18S,072024,55,Null,0.455565552245941
18S,072024,55,Plaid,0.29979249442681766
18S,072024,55,Grating,0.5777600431618298
18S,072024,55,Plaid Pref/Null,0.29979249442681766
18S,072024,56,Preferred,0.23167370954340363
18S,072024,56,Null,0.24138173171083196
18S,072024,56,Plaid,0.2290848763534871
18S,072024,56,Grating,0.24753315664540926
18S,072024,56,Plaid Pref/Null,0.2290848763534871
18S,072024,57,Preferred,2.2160786642886214
18S,072024,57,Null,1.3046795499723265
18S,072024,57,Plaid,1.6837844464989096
18S,072024,57,Grating,1.4353774999071152
18S,072024,57,Plaid Pref/Null,1.6837844464989096
18S,072024,58,Preferred,0.38188106183005543
18S,072024,58,Null,0.3321279555267206
18S,072024,58,Plaid,0.39694315347083137
18S,072024,58,Grating,0.30713325720622336
18S,072024,58,Plaid Pref/Null,0.39694315347083137
18S,072024,59,Preferred,0.3514333584272099
18S,072024,59,Null,0.34142820490801185
18S,072024,59,Plaid,0.38334177028470695
18S,072024,59,Grating,0.313270261088434
18S,072024,59,Plaid Pref/Null,0.38334177028470695
18S,072024,60,Preferred,2.235933580413458
18S,072024,60,Null,0.5157795556490811
18S,072024,60,Plaid,0.4451040328417302
18S,072024,60,Grating,0.8367313843636981
18S,072024,60,Plaid Pref/Null,0.4451040328417302
18S,072024,61,Preferred,1.2837964179302874
18S,072024,61,Null,0.7312800190632591
18S,072024,61,Plaid,0.9137533643164947
18S,072024,61,Grating,0.7944130789370545
18S,072024,61,Plaid Pref/Null,0.9137533643164947
21N,022424,0,Preferred,2.3387424640026317
21N,022424,0,Null,1.5637856462971356
21N,022424,0,Plaid,2.316852180625002
21N,022424,0,Grating,1.5984071235951591
21N,022424,0,Plaid Pref/Null,2.316852180625002
21N,022424,1,Preferred,7.610899618740954
21N,022424,1,Null,6.512480042914367
21N,022424,1,Plaid,5.1519428171353265
21N,022424,1,Grating,6.926892496232885
21N,022424,1,Plaid Pref/Null,5.1519428171353265
21N,022424,2,Preferred,5.664975610842438
21N,022424,2,Null,2.1381338640199408
21N,022424,2,Plaid,6.043378231370515
21N,022424,2,Grating,2.695089326563411
21N,022424,2,Plaid Pref/Null,6.043378231370515
21N,022424,3,Preferred,7.449991381501698
21N,022424,3,Null,5.253888902969683
21N,022424,3,Plaid,7.329829836518909
21N,022424,3,Grating,6.079011824913992
21N,022424,3,Plaid Pref/Null,7.329829836518909
21N,022424,4,Preferred,4.317049315061845
21N,022424,4,Null,4.610609316718785
21N,022424,4,Plaid,3.830903798800078
21N,022424,4,Grating,4.830999983413338
21N,022424,4,Plaid Pref/Null,3.830903798800078
21N,022424,5,Preferred,5.475815077693963
21N,022424,5,Null,3.841622860023643
21N,022424,5,Plaid,2.7602107945046885
21N,022424,5,Grating,4.314740246975969
21N,022424,5,Plaid Pref/Null,2.7602107945046885
21N,022424,6,Preferred,4.930245318088955
21N,022424,6,Null,3.4914507490551863
21N,022424,6,Plaid,2.503680998548608
21N,022424,6,Grating,3.9138174441597733
21N,022424,6,Plaid Pref/Null,2.503680998548608
21N,022424,7,Preferred,1.6594213944355556
21N,022424,7,Null,2.2948370752006744
21N,022424,7,Plaid,1.5175118885113825
21N,022424,7,Grating,2.3511045087526377
21N,022424,7,Plaid Pref/Null,1.5175118885113825
21N,022424,8,Preferred,2.500301441791585
21N,022424,8,Null,4.321452003764227
21N,022424,8,Plaid,1.1250479224692844
21N,022424,8,Grating,4.621537608086052
21N,022424,8,Plaid Pref/Null,1.1250479224692844
21N,022424,9,Preferred,0.17114017406975945
21N,022424,9,Null,0.5212418525244953
21N,022424,9,Plaid,0.5974873485557921
21N,022424,9,Grating,0.4814881857003723
21N,022424,9,Plaid Pref/Null,0.5974873485557921
21N,022424,10,Preferred,1.4464598206814758
21N,022424,10,Null,1.3683377059837798
21N,022424,10,Plaid,1.4078535700827157
21N,022424,10,Grating,1.3846606433543784
21N,022424,10,Plaid Pref/Null,1.4078535700827157
21N,022424,11,Preferred,1.7093637769087366
21N,022424,11,Null,2.0114031215125547
21N,022424,11,Plaid,1.6133763432096393
21N,022424,11,Grating,2.0043042582239052
21N,022424,11,Plaid Pref/Null,1.6133763432096393
21N,022424,12,Preferred,8.217013300352901
21N,022424,12,Null,4.904883539018418
21N,022424,12,Plaid,5.859976883219736
21N,022424,12,Grating,5.894756781197706
21N,022424,12,Plaid Pref/Null,5.859976883219736
21N,022424,13,Preferred,4.347299837232056
21N,022424,13,Null,1.6252504466030468
21N,022424,13,Plaid,0.9580317851164746
21N,022424,13,Grating,2.029764760441239
21N,022424,13,Plaid Pref/Null,0.9580317851164746
21N,022424,14,Preferred,2.50547752053196
21N,022424,14,Null,2.9436678448082145
21N,022424,14,Plaid,1.9537404655260262
21N,022424,14,Grating,3.2403955208642676
21N,022424,14,Plaid Pref/Null,1.9537404655260262
21N,022424,15,Preferred,2.8493660646027354
21N,022424,15,Null,2.977728069274754
21N,022424,15,Plaid,2.692043017341975
21N,022424,15,Grating,3.1099664276083483
21N,022424,15,Plaid Pref/Null,2.692043017341975
21N,022424,16,Preferred,6.420058072435808
21N,022424,16,Null,2.725049582869563
21N,022424,16,Plaid,2.719330828081609
21N,022424,16,Grating,3.0549054814160987
21N,022424,16,Plaid Pref/Null,2.719330828081609
21N,022424,17,Preferred,0.8190325781937886
21N,022424,17,Null,0.7482277951773744
21N,022424,17,Plaid,0.7894940847737698
21N,022424,17,Grating,0.7654730786128663
21N,022424,17,Plaid Pref/Null,0.7894940847737698
21N,022424,18,Preferred,3.2542008530065427
21N,022424,18,Null,1.396048543571036
21N,022424,18,Plaid,2.4273649421065064
21N,022424,18,Grating,2.018611982839222
21N,022424,18,Plaid Pref/Null,2.4273649421065064
21N,022424,19,Preferred,2.248660716529918
21N,022424,19,Null,1.6775927527662386
21N,022424,19,Plaid,1.8053465500105719
21N,022424,19,Grating,1.9036882232176366
21N,022424,19,Plaid Pref/Null,1.8053465500105719
21N,022424,20,Preferred,5.5068350925817064
21N,022424,20,Null,3.848814513421731
21N,022424,20,Plaid,2.8868835774134807
21N,022424,20,Grating,4.082390614601012
21N,022424,20,Plaid Pref/Null,2.8868835774134807
21N,022424,21,Preferred,3.6329367891459143
21N,022424,21,Null,3.632766677333405
21N,022424,21,Plaid,3.1503747553173476
21N,022424,21,Grating,2.455745045716391
21N,022424,21,Plaid Pref/Null,3.1503747553173476
21N,022424,22,Preferred,1.464283329889593
21N,022424,22,Null,1.274180924647369
21N,022424,22,Plaid,1.4513381905375025
21N,022424,22,Grating,1.2628593022991972
21N,022424,22,Plaid Pref/Null,1.4513381905375025
21N,022424,23,Preferred,1.0136050332238014
21N,022424,23,Null,2.317159735810727
21N,022424,23,Plaid,1.9727594277396079
21N,022424,23,Grating,2.461407047273621
21N,022424,23,Plaid Pref/Null,1.9727594277396079
21N,022424,24,Preferred,0.6699441217976604
21N,022424,24,Null,0.5344748177643318
21N,022424,24,Plaid,0.5363006164101835
21N,022424,24,Grating,0.6162656966175636
21N,022424,24,Plaid Pref/Null,0.5363006164101835
21N,022424,25,Preferred,1.0552201835067758
21N,022424,25,Null,1.786260025201776
21N,022424,25,Plaid,1.519203887827527
21N,022424,25,Grating,1.8286376719215098
21N,022424,25,Plaid Pref/Null,1.519203887827527
21N,022424,26,Preferred,2.6633237274936445
21N,022424,26,Null,3.1832167119492323
21N,022424,26,Plaid,1.0131677716063017
21N,022424,26,Grating,3.5839292381741545
21N,022424,26,Plaid Pref/Null,1.0131677716063017
21N,022424,27,Preferred,1.1231102261908612
21N,022424,27,Null,2.0479117100665913
21N,022424,27,Plaid,1.757484118440904
21N,022424,27,Grating,2.089853501926181
21N,022424,27,Plaid Pref/Null,1.757484118440904
21N,022424,28,Preferred,7.3398712624241735
21N,022424,28,Null,3.1168642150358177
21N,022424,28,Plaid,1.471195565569804
21N,022424,28,Grating,3.7310334355898434
21N,022424,28,Plaid Pref/Null,1.471195565569804
21N,022424,29,Preferred,4.692200944340302
21N,022424,29,Null,4.412828413602394
21N,022424,29,Plaid,2.758361893425592
21N,022424,29,Grating,4.89900758945153
21N,022424,29,Plaid Pref/Null,2.758361893425592
21N,022424,30,Preferred,1.0375663755153393
21N,022424,30,Null,1.8848021442832106
21N,022424,30,Plaid,1.7607999920389539
21N,022424,30,Grating,1.9147275921560867
21N,022424,30,Plaid Pref/Null,1.7607999920389539
21N,022424,31,Preferred,3.5563316244498084
21N,022424,31,Null,1.195712475723896
21N,022424,31,Plaid,0.6936630398034679
21N,022424,31,Grating,1.3938771574221196
21N,022424,31,Plaid Pref/Null,0.6936630398034679
21N,022424,32,Preferred,1.348441486727815
21N,022424,32,Null,0.9015032247163057
21N,022424,32,Plaid,0.966456840273582
21N,022424,32,Grating,0.8867255775059509
21N,022424,32,Plaid Pref/Null,0.966456840273582
21N,022424,33,Preferred,0.8167447337893452
21N,022424,33,Null,1.0349710128240142
21N,022424,33,Plaid,0.9045736290826581
21N,022424,33,Grating,1.0384216080216888
21N,022424,33,Plaid Pref/Null,0.9045736290826581
21N,022424,34,Preferred,1.8550866138542697
21N,022424,34,Null,1.4571282274907034
21N,022424,34,Plaid,1.7855377398586887
21N,022424,34,Grating,1.576449791929328
21N,022424,34,Plaid Pref/Null,1.7855377398586887
21N,022424,35,Preferred,1.8110254753222148
21N,022424,35,Null,1.487844268537465
21N,022424,35,Plaid,1.200638591742501
21N,022424,35,Grating,1.624315703824523
21N,022424,35,Plaid Pref/Null,1.200638591742501
21N,022424,36,Preferred,2.0136407341128097
21N,022424,36,Null,1.3396190773028924
21N,022424,36,Plaid,1.0970439432288202
21N,022424,36,Grating,1.4581491795605526
21N,022424,36,Plaid Pref/Null,1.0970439432288202
21N,022424,37,Preferred,2.2815393798780446
21N,022424,37,Null,1.2467126556403496
21N,022424,37,Plaid,1.509544498056396
21N,022424,37,Grating,1.1074932223803284
21N,022424,37,Plaid Pref/Null,1.509544498056396
21N,022424,38,Preferred,1.6740027116112137
21N,022424,38,Null,1.8461046384800734
21N,022424,38,Plaid,1.6470528146138643
21N,022424,38,Grating,1.9088583192309578
21N,022424,38,Plaid Pref/Null,1.6470528146138643
21N,022424,39,Preferred,2.224882979960333
21N,022424,39,Null,1.2078822447368345
21N,022424,39,Plaid,1.3298203681134861
21N,022424,39,Grating,1.676513257540535
21N,022424,39,Plaid Pref/Null,1.3298203681134861
21N,022424,40,Preferred,4.57233040916593
21N,022424,40,Null,1.511443077443507
21N,022424,40,Plaid,1.3863185920217866
21N,022424,40,Grating,3.225054842955187
21N,022424,40,Plaid Pref/Null,1.3863185920217866
21N,022424,41,Preferred,0.8881836875501469
21N,022424,41,Null,0.7948167760259907
21N,022424,41,Plaid,0.3488398722766617
21N,022424,41,Grating,1.1111395566663702
21N,022424,41,Plaid Pref/Null,0.3488398722766617
21N,022424,42,Preferred,1.1414388723649636
21N,022424,42,Null,0.9179611384600573
21N,022424,42,Plaid,0.7532876806569093
21N,022424,42,Grating,0.9861549871648496
21N,022424,42,Plaid Pref/Null,0.7532876806569093
21N,022424,43,Preferred,0.4747433965200083
21N,022424,43,Null,0.48422188541782174
21N,022424,43,Plaid,0.47096870053595513
21N,022424,43,Grating,0.4894624964146151
21N,022424,43,Plaid Pref/Null,0.47096870053595513
21N,022424,44,Preferred,2.48223084848309
21N,022424,44,Null,0.5609377703413054
21N,022424,44,Plaid,2.308615540560214
21N,022424,44,Grating,0.4811429060783475
21N,022424,44,Plaid Pref/Null,2.308615540560214
21N,022424,45,Preferred,2.5382456987362705
21N,022424,45,Null,1.9748297942400161
21N,022424,45,Plaid,1.3184411102771691
21N,022424,45,Grating,2.196718168236336
21N,022424,45,Plaid Pref/Null,1.3184411102771691
21N,022424,46,Preferred,1.859405750341189
21N,022424,46,Null,1.2769135014279802
21N,022424,46,Plaid,1.0475337511856966
21N,022424,46,Grating,1.3929019433800478
21N,022424,46,Plaid Pref/Null,1.0475337511856966
21N,022424,47,Preferred,1.053871147530884
21N,022424,47,Null,1.2726051845403274
21N,022424,47,Plaid,0.5698729712326465
21N,022424,47,Grating,1.4688450352681723
21N,022424,47,Plaid Pref/Null,0.5698729712326465
21N,022424,48,Preferred,0.9410031110054419
21N,022424,48,Null,0.7069055478003656
21N,022424,48,Plaid,0.9486072268084317
21N,022424,48,Grating,0.6867126817954217
21N,022424,48,Plaid Pref/Null,0.9486072268084317
21N,022424,49,Preferred,0.4678693887662263
21N,022424,49,Null,0.5021289884435809
21N,022424,49,Plaid,0.4345257800985537
21N,022424,49,Grating,0.5270160300858334
21N,022424,49,Plaid Pref/Null,0.4345257800985537
21N,022424,50,Preferred,1.598268535297414
21N,022424,50,Null,0.7468208241136328
21N,022424,50,Plaid,0.7815072262811191
21N,022424,50,Grating,0.7663971149530163
21N,022424,50,Plaid Pref/Null,0.7815072262811191
21N,022424,51,Preferred,1.0041478318580628
21N,022424,51,Null,1.0769978798569793
21N,022424,51,Plaid,0.9344070522617792
21N,022424,51,Grating,1.1243666795930276
21N,022424,51,Plaid Pref/Null,0.9344070522617792
21N,022424,52,Preferred,0.7744457663482024
21N,022424,52,Null,0.7301967370500555
21N,022424,52,Plaid,0.7088383711014554
21N,022424,52,Grating,0.7422783945185446
21N,022424,52,Plaid Pref/Null,0.7088383711014554
21N,022424,53,Preferred,0.9242631968756104
21N,022424,53,Null,0.5391958272882014
21N,022424,53,Plaid,0.4100886156485901
21N,022424,53,Grating,0.5939149254970745
21N,022424,53,Plaid Pref/Null,0.4100886156485901
21N,022524,0,Preferred,0.21395468898606498
21N,022524,0,Null,0.5376580480504441
21N,022524,0,Plaid,0.5045591127636646
21N,022524,0,Grating,0.5395995603413525
21N,022524,0,Plaid Pref/Null,0.5045591127636646
21N,022524,1,Preferred,5.523489779465195
21N,022524,1,Null,4.496257947528652
21N,022524,1,Plaid,3.736135680964998
21N,022524,1,Grating,4.885632302762778
21N,022524,1,Plaid Pref/Null,3.736135680964998
21N,022524,2,Preferred,0.4089320569305991
21N,022524,2,Null,0.603216256597879
21N,022524,2,Plaid,0.6285578621016998
21N,022524,2,Grating,0.5801343591287381
21N,022524,2,Plaid Pref/Null,0.6285578621016998
21N,022524,3,Preferred,1.5912163122416598
21N,022524,3,Null,2.7577059570421247
21N,022524,3,Plaid,2.572592192596787
21N,022524,3,Grating,2.8638657134502363
21N,022524,3,Plaid Pref/Null,2.572592192596787
21N,022524,4,Preferred,2.570211766713401
21N,022524,4,Null,2.4653777525327873
21N,022524,4,Plaid,2.3058974510065164
21N,022524,4,Grating,2.562028496488924
21N,022524,4,Plaid Pref/Null,2.3058974510065164
21N,022524,5,Preferred,0.701791328972795
21N,022524,5,Null,0.7349975940392224
21N,022524,5,Plaid,0.7323628345103043
21N,022524,5,Grating,0.6902336800509845
21N,022524,5,Plaid Pref/Null,0.7323628345103043
21N,022524,6,Preferred,0.2959873444978186
21N,022524,6,Null,0.5996781374293776
21N,022524,6,Plaid,0.5587863683719868
21N,022524,6,Grating,0.5998407141395197
21N,022524,6,Plaid Pref/Null,0.5587863683719868
21N,022524,7,Preferred,0.3719880078744324
21N,022524,7,Null,0.6944859860473941
21N,022524,7,Plaid,0.7584763001507421
21N,022524,7,Grating,0.5944121037513205
21N,022524,7,Plaid Pref/Null,0.7584763001507421
21N,022524,8,Preferred,0.3201128413006287
21N,022524,8,Null,0.6053073916745096
21N,022524,8,Plaid,0.6716245454596159
21N,022524,8,Grating,0.5438285695164862
21N,022524,8,Plaid Pref/Null,0.6716245454596159
21N,022524,9,Preferred,0.8947228573860783
21N,022524,9,Null,0.9879141987327262
21N,022524,9,Plaid,0.806448071145601
21N,022524,9,Grating,1.0488501124232295
21N,022524,9,Plaid Pref/Null,0.806448071145601
21N,022524,10,Preferred,0.40005831003725423
21N,022524,10,Null,0.5722269642845501
21N,022524,10,Plaid,0.524844095695769
21N,022524,10,Grating,0.5822941518426159
21N,022524,10,Plaid Pref/Null,0.524844095695769
21N,022524,11,Preferred,0.8034071067833125
21N,022524,11,Null,0.7950241670592596
21N,022524,11,Plaid,0.7382602072761997
21N,022524,11,Grating,0.8161819230491135
21N,022524,11,Plaid Pref/Null,0.7382602072761997
21N,022524,12,Preferred,2.1470217799452977
21N,022524,12,Null,1.2976217188563066
21N,022524,12,Plaid,1.619859982784077
21N,022524,12,Grating,1.6143752655861026
21N,022524,12,Plaid Pref/Null,1.619859982784077
21N,022524,13,Preferred,1.4555548028728984
21N,022524,13,Null,1.5040450675591952
21N,022524,13,Plaid,1.2347617966805047
21N,022524,13,Grating,1.5676052335335071
21N,022524,13,Plaid Pref/Null,1.2347617966805047
21N,022524,14,Preferred,1.1007543959454336
21N,022524,14,Null,1.2689684524842701
21N,022524,14,Plaid,1.0729711713210557
21N,022524,14,Grating,1.1483333875044264
21N,022524,14,Plaid Pref/Null,1.0729711713210557
21N,022524,15,Preferred,2.836984913908135
21N,022524,15,Null,4.65233423969433
21N,022524,15,Plaid,3.6187204400724733
21N,022524,15,Grating,4.949729815033523
21N,022524,15,Plaid Pref/Null,3.6187204400724733
21N,022524,16,Preferred,2.6119325928540196
21N,022524,16,Null,2.4521494792118506
21N,022524,16,Plaid,2.3526174905738566
21N,022524,16,Grating,2.7085054018158954
21N,022524,16,Plaid Pref/Null,2.3526174905738566
21N,022524,17,Preferred,2.131964595915507
21N,022524,17,Null,2.0667276017288776
21N,022524,17,Plaid,1.5732547201431133
21N,022524,17,Grating,2.3354611434334163
21N,022524,17,Plaid Pref/Null,1.5732547201431133
21N,022524,18,Preferred,2.765164082475267
21N,022524,18,Null,2.2244594124794643
21N,022524,18,Plaid,1.211701964910303
21N,022524,18,Grating,2.6056266609307546
21N,022524,18,Plaid Pref/Null,1.211701964910303
21N,022524,19,Preferred,0.4463349929917175
21N,022524,19,Null,0.6941389391240621
21N,022524,19,Plaid,0.7332280698398732
21N,022524,19,Grating,0.5765317997456212
21N,022524,19,Plaid Pref/Null,0.7332280698398732
21N,022524,20,Preferred,1.6425480576686133
21N,022524,20,Null,2.11399714054932
21N,022524,20,Plaid,2.30291227565786
21N,022524,20,Grating,2.037484797801473
21N,022524,20,Plaid Pref/Null,2.30291227565786
21N,022524,21,Preferred,2.275222790758373
21N,022524,21,Null,2.3729072449327417
21N,022524,21,Plaid,0.7136884236916808
21N,022524,21,Grating,2.783264405705568
21N,022524,21,Plaid Pref/Null,0.7136884236916808
21N,022524,22,Preferred,1.2368434768135053
21N,022524,22,Null,1.2685911547077438
21N,022524,22,Plaid,1.0710817417049223
21N,022524,22,Grating,1.3450595919440471
21N,022524,22,Plaid Pref/Null,1.0710817417049223
21N,022524,23,Preferred,2.862041207968896
21N,022524,23,Null,1.382634659435767
21N,022524,23,Plaid,2.122844355409351
21N,022524,23,Grating,1.862825645861436
21N,022524,23,Plaid Pref/Null,2.122844355409351
21N,022524,24,Preferred,1.0706394395594863
21N,022524,24,Null,0.9622888281753276
21N,022524,24,Plaid,0.5963166038846979
21N,022524,24,Grating,1.0870731847388766
21N,022524,24,Plaid Pref/Null,0.5963166038846979
21N,022524,25,Preferred,3.0901948717681433
21N,022524,25,Null,1.7126602228374432
21N,022524,25,Plaid,1.7855744553724888
21N,022524,25,Grating,1.726457189569246
21N,022524,25,Plaid Pref/Null,1.7855744553724888
21N,022524,26,Preferred,2.6157620539228144
21N,022524,26,Null,1.4579411422788127
21N,022524,26,Plaid,1.9589891331542406
21N,022524,26,Grating,1.9086007141174268
21N,022524,26,Plaid Pref/Null,1.9589891331542406
21N,022524,27,Preferred,1.6572908147164878
21N,022524,27,Null,1.5836302545596903
21N,022524,27,Plaid,1.0852308220716356
21N,022524,27,Grating,1.747317494541015
21N,022524,27,Plaid Pref/Null,1.0852308220716356
21N,022524,28,Preferred,0.562665566086208
21N,022524,28,Null,0.6856922351592203
21N,022524,28,Plaid,0.753303834598489
21N,022524,28,Grating,0.6524594568258617
21N,022524,28,Plaid Pref/Null,0.753303834598489
21N,022524,29,Preferred,3.9746324678183713
21N,022524,29,Null,2.669531973209715
21N,022524,29,Plaid,2.8479204830908444
21N,022524,29,Grating,3.459482135608376
21N,022524,29,Plaid Pref/Null,2.8479204830908444
21N,022524,30,Preferred,0.6138861464039305
21N,022524,30,Null,0.7276536821151737
21N,022524,30,Plaid,0.7845081443799424
21N,022524,30,Grating,0.6951780542546583
21N,022524,30,Plaid Pref/Null,0.7845081443799424
21N,022524,31,Preferred,0.5059834711679806
21N,022524,31,Null,0.636549242624744
21N,022524,31,Plaid,0.7241334343038148
21N,022524,31,Grating,0.537131462842895
21N,022524,31,Plaid Pref/Null,0.7241334343038148
21N,022524,32,Preferred,0.1688988321487982
21N,022524,32,Null,0.5429734576668016
21N,022524,32,Plaid,0.5485405782127666
21N,022524,32,Grating,0.4953312059039539
21N,022524,32,Plaid Pref/Null,0.5485405782127666
21N,022524,33,Preferred,1.966395450041358
21N,022524,33,Null,1.1426562466047705
21N,022524,33,Plaid,2.1566031336088614
21N,022524,33,Grating,1.1067961457256767
21N,022524,33,Plaid Pref/Null,2.1566031336088614
21N,022524,34,Preferred,0.48494496048735547
21N,022524,34,Null,0.7158818050135881
21N,022524,34,Plaid,0.7404018360134794
21N,022524,34,Grating,0.6682270618127125
21N,022524,34,Plaid Pref/Null,0.7404018360134794
21N,022524,35,Preferred,2.296671156376343
21N,022524,35,Null,2.373919641800314
21N,022524,35,Plaid,2.446340639894604
21N,022524,35,Grating,1.9151193080582043
21N,022524,35,Plaid Pref/Null,2.446340639894604
21N,022524,36,Preferred,0.5394726801085474
21N,022524,36,Null,0.7548096810050651
21N,022524,36,Plaid,0.7870981247997202
21N,022524,36,Grating,0.6913044541691389
21N,022524,36,Plaid Pref/Null,0.7870981247997202
21N,022524,37,Preferred,1.1272544983752246
21N,022524,37,Null,0.62964146198071
21N,022524,37,Plaid,1.0444810348194082
21N,022524,37,Grating,0.6897556176929794
21N,022524,37,Plaid Pref/Null,1.0444810348194082
21N,022524,38,Preferred,0.8313854581606976
21N,022524,38,Null,4.35245952912269
21N,022524,38,Plaid,0.981461303006028
21N,022524,38,Grating,4.683779013999341
21N,022524,38,Plaid Pref/Null,0.981461303006028
21N,022524,39,Preferred,3.763732839253564
21N,022524,39,Null,1.1876146754922399
21N,022524,39,Plaid,2.582164715105123
21N,022524,39,Grating,2.08013486351618
21N,022524,39,Plaid Pref/Null,2.582164715105123
21N,022524,40,Preferred,0.42483286218551397
21N,022524,40,Null,0.6985800642542473
21N,022524,40,Plaid,0.7485149735749107
21N,022524,40,Grating,0.5845367291853398
21N,022524,40,Plaid Pref/Null,0.7485149735749107
21N,022524,41,Preferred,0.44093049716150706
21N,022524,41,Null,0.584419974562684
21N,022524,41,Plaid,0.5961395612025424
21N,022524,41,Grating,0.576208444192964
21N,022524,41,Plaid Pref/Null,0.5961395612025424
21N,022524,42,Preferred,1.765617028828274
21N,022524,42,Null,1.0632329626062083
21N,022524,42,Plaid,0.8787794255114403
21N,022524,42,Grating,1.1604975574165552
21N,022524,42,Plaid Pref/Null,0.8787794255114403
21N,022524,43,Preferred,0.4629477456492508
21N,022524,43,Null,0.6825789005835611
21N,022524,43,Plaid,0.6408285523068309
21N,022524,43,Grating,0.6926916513138546
21N,022524,43,Plaid Pref/Null,0.6408285523068309
21N,022524,44,Preferred,0.7133001345831304
21N,022524,44,Null,0.6452561530210702
21N,022524,44,Plaid,0.7057851341773668
21N,022524,44,Grating,0.6208863812586685
21N,022524,44,Plaid Pref/Null,0.7057851341773668
21N,022524,45,Preferred,0.49577835951887267
21N,022524,45,Null,0.4622757996106832
21N,022524,45,Plaid,0.6014207651767144
21N,022524,45,Grating,0.4165386568315831
21N,022524,45,Plaid Pref/Null,0.6014207651767144
21N,022524,46,Preferred,1.8522598974899935
21N,022524,46,Null,1.8033369677112487
21N,022524,46,Plaid,1.8157674844473806
21N,022524,46,Grating,1.793293703499465
21N,022524,46,Plaid Pref/Null,1.8157674844473806
21N,022524,47,Preferred,0.4621834198755569
21N,022524,47,Null,0.7770543309143486
21N,022524,47,Plaid,0.7952312185313389
21N,022524,47,Grating,0.7580226137064019
21N,022524,47,Plaid Pref/Null,0.7952312185313389
21N,022524,48,Preferred,0.7042567078722871
21N,022524,48,Null,0.8162117749677701
21N,022524,48,Plaid,0.950205086569772
21N,022524,48,Grating,0.7102498894864094
21N,022524,48,Plaid Pref/Null,0.950205086569772
21N,022524,49,Preferred,0.715077820510072
21N,022524,49,Null,0.6229057142888775
21N,022524,49,Plaid,0.5677268255868698
21N,022524,49,Grating,0.686562905443297
21N,022524,49,Plaid Pref/Null,0.5677268255868698
21N,022524,50,Preferred,0.9842970346266959
21N,022524,50,Null,0.5697385496336833
21N,022524,50,Plaid,0.5666676492642099
21N,022524,50,Grating,0.797684908962509
21N,022524,50,Plaid Pref/Null,0.5666676492642099
21N,022524,51,Preferred,0.7126009870144036
21N,022524,51,Null,0.8746998324428586
21N,022524,51,Plaid,0.8080197191955283
21N,022524,51,Grating,0.8684307214859666
21N,022524,51,Plaid Pref/Null,0.8080197191955283
21N,022524,52,Preferred,0.27239389691954674
21N,022524,52,Null,0.6279598504001193
21N,022524,52,Plaid,0.6773257961095537
21N,022524,52,Grating,0.5750339049932739
21N,022524,52,Plaid Pref/Null,0.6773257961095537
21N,022524,53,Preferred,0.40862335182913706
21N,022524,53,Null,0.6945068890594829
21N,022524,53,Plaid,0.7692207435632421
21N,022524,53,Grating,0.5702112054948645
21N,022524,53,Plaid Pref/Null,0.7692207435632421
21N,022524,54,Preferred,0.4661647057980818
21N,022524,54,Null,0.5932050522317001
21N,022524,54,Plaid,0.4429827383213828
21N,022524,54,Grating,0.6485215376241094
21N,022524,54,Plaid Pref/Null,0.4429827383213828
21N,022524,55,Preferred,0.6422557669910707
21N,022524,55,Null,0.5027550660923853
21N,022524,55,Plaid,0.5580799254147571
21N,022524,55,Grating,0.46647148677092326
21N,022524,55,Plaid Pref/Null,0.5580799254147571
21N,022524,56,Preferred,0.8141061537178267
21N,022524,56,Null,0.6550359639104283
21N,022524,56,Plaid,0.6006278216078687
21N,022524,56,Grating,0.6818697101950905
21N,022524,56,Plaid Pref/Null,0.6006278216078687
21N,022524,57,Preferred,0.8590195256592452
21N,022524,57,Null,0.5177267571776629
21N,022524,57,Plaid,0.4485837693282815
21N,022524,57,Grating,0.57976972076293
21N,022524,57,Plaid Pref/Null,0.4485837693282815
30G,082424,0,Preferred,1.1717676285337069
30G,082424,0,Null,0.9447471013374928
30G,082424,0,Plaid,1.1109560092201507
30G,082424,0,Grating,1.5617267708948677
30G,082424,0,Plaid Pref/Null,1.1109560092201507
30G,082424,1,Preferred,1.5025266415148617
30G,082424,1,Null,1.7387569437612636
30G,082424,1,Plaid,2.6250125995328313
30G,082424,1,Grating,1.2412334980457644
30G,082424,1,Plaid Pref/Null,2.6250125995328313
30G,082424,2,Preferred,0.924722631846301
30G,082424,2,Null,0.7149724000100941
30G,082424,2,Plaid,0.8259933027451798
30G,082424,2,Grating,0.699096050402999
30G,082424,2,Plaid Pref/Null,0.8259933027451798
30G,082424,3,Preferred,2.7825613871021417
30G,082424,3,Null,2.2731455994020444
30G,082424,3,Plaid,1.2014544812408736
30G,082424,3,Grating,2.7689021195548187
30G,082424,3,Plaid Pref/Null,1.2014544812408736
30G,082424,4,Preferred,3.5708995423305305
30G,082424,4,Null,1.834757075742831
30G,082424,4,Plaid,4.518603846514239
30G,082424,4,Grating,2.1833365568584053
30G,082424,4,Plaid Pref/Null,4.518603846514239
30G,082424,5,Preferred,1.829437139441752
30G,082424,5,Null,0.6700486837026749
30G,082424,5,Plaid,0.8836548655999427
30G,082424,5,Grating,0.8871419065005607
30G,082424,5,Plaid Pref/Null,0.8836548655999427
30G,082424,6,Preferred,0.9079087893810842
30G,082424,6,Null,0.681233891707255
30G,082424,6,Plaid,0.8347656228676136
30G,082424,6,Grating,0.4227323322484625
30G,082424,6,Plaid Pref/Null,0.8347656228676136
30G,082424,7,Preferred,3.6493418780569202
30G,082424,7,Null,2.8932629673885386
30G,082424,7,Plaid,3.334069404547664
30G,082424,7,Grating,3.175911749056042
30G,082424,7,Plaid Pref/Null,3.334069404547664
30G,082424,8,Preferred,0.7567884196163228
30G,082424,8,Null,0.33657590068636745
30G,082424,8,Plaid,0.39862639544150075
30G,082424,8,Grating,0.5789306964376396
30G,082424,8,Plaid Pref/Null,0.39862639544150075
30G,082424,9,Preferred,1.4597798011684084
30G,082424,9,Null,0.5453483125579086
30G,082424,9,Plaid,0.8512842475920164
30G,082424,9,Grating,0.9188112458965035
30G,082424,9,Plaid Pref/Null,0.8512842475920164
30G,082424,10,Preferred,0.2621272638832657
30G,082424,10,Null,0.26035283192860464
30G,082424,10,Plaid,0.2703543996102856
30G,082424,10,Grating,0.2539040318654082
30G,082424,10,Plaid Pref/Null,0.2703543996102856
30G,082424,11,Preferred,2.14702644520799
30G,082424,11,Null,0.6544738238103457
30G,082424,11,Plaid,0.4289348291293709
30G,082424,11,Grating,1.2057172469806785
30G,082424,11,Plaid Pref/Null,0.4289348291293709
30G,082424,12,Preferred,0.41132753571994607
30G,082424,12,Null,0.3095781073078139
30G,082424,12,Plaid,0.35005029987974795
30G,082424,12,Grating,0.3189208685442132
30G,082424,12,Plaid Pref/Null,0.35005029987974795
30G,082424,13,Preferred,0.3481200693485439
30G,082424,13,Null,0.21855992840321298
30G,082424,13,Plaid,0.2506344100607389
30G,082424,13,Grating,0.2363886898965354
30G,082424,13,Plaid Pref/Null,0.2506344100607389
30G,082424,14,Preferred,0.3213179617685581
30G,082424,14,Null,0.3017587161809584
30G,082424,14,Plaid,0.3225698622592991
30G,082424,14,Grating,0.29717307534203913
30G,082424,14,Plaid Pref/Null,0.3225698622592991
30G,082424,15,Preferred,0.3838541122728214
30G,082424,15,Null,0.29683604300829375
30G,082424,15,Plaid,0.2792336767099732
30G,082424,15,Grating,0.32043067705332257
30G,082424,15,Plaid Pref/Null,0.2792336767099732
30G,082424,16,Preferred,0.44346370825827125
30G,082424,16,Null,0.42210103157691187
30G,082424,16,Plaid,0.4095158182976402
30G,082424,16,Grating,0.43861150058877546
30G,082424,16,Plaid Pref/Null,0.4095158182976402
30G,082424,17,Preferred,0.20019090235389855
30G,082424,17,Null,0.19629345872544265
30G,082424,17,Plaid,0.22147472194206952
30G,082424,17,Grating,0.18690214374227684
30G,082424,17,Plaid Pref/Null,0.22147472194206952
30G,082424,18,Preferred,0.14437048108676553
30G,082424,18,Null,0.17874215175268704
30G,082424,18,Plaid,0.2120097620840534
30G,082424,18,Grating,0.15501296078224924
30G,082424,18,Plaid Pref/Null,0.2120097620840534
30G,082424,19,Preferred,0.892863531095827
30G,082424,19,Null,0.7101726371747156
30G,082424,19,Plaid,0.6048770239133455
30G,082424,19,Grating,0.7843132134713298
30G,082424,19,Plaid Pref/Null,0.6048770239133455
30G,082424,20,Preferred,1.4416893261715673
30G,082424,20,Null,0.4819596128132942
30G,082424,20,Plaid,0.635353418876147
30G,082424,20,Grating,0.6329506513292564
30G,082424,20,Plaid Pref/Null,0.635353418876147
30G,082424,21,Preferred,0.5885494541823272
30G,082424,21,Null,0.27947890009226195
30G,082424,21,Plaid,0.25700975291114597
30G,082424,21,Grating,0.3400305434249628
30G,082424,21,Plaid Pref/Null,0.25700975291114597
30G,082424,22,Preferred,0.3953402257115208
30G,082424,22,Null,0.346284797986792
30G,082424,22,Plaid,0.37991036369298226
30G,082424,22,Grating,0.3386345037839157
30G,082424,22,Plaid Pref/Null,0.37991036369298226
30G,082424,23,Preferred,0.2514355384147409
30G,082424,23,Null,0.2560297743376573
30G,082424,23,Plaid,0.30017140341510007
30G,082424,23,Grating,0.23148047195728433
30G,082424,23,Plaid Pref/Null,0.30017140341510007
30G,082424,24,Preferred,0.8675940478404481
30G,082424,24,Null,0.3900699448585742
30G,082424,24,Plaid,0.7429530137413553
30G,082424,24,Grating,0.313390569113281
30G,082424,24,Plaid Pref/Null,0.7429530137413553
30G,082424,25,Preferred,0.341406522191234
30G,082424,25,Null,0.2796798890908239
30G,082424,25,Plaid,0.28278089986214977
30G,082424,25,Grating,0.2945210073512424
30G,082424,25,Plaid Pref/Null,0.28278089986214977
30G,082424,26,Preferred,2.5238355955996794
30G,082424,26,Null,0.3811990104190042
30G,082424,26,Plaid,0.3715892776418554
30G,082424,26,Grating,0.7364363798369724
30G,082424,26,Plaid Pref/Null,0.3715892776418554
30G,082424,27,Preferred,0.327493197609644
30G,082424,27,Null,0.27060040533113777
30G,082424,27,Plaid,0.2941853475797929
30G,082424,27,Grating,0.28221284195479546
30G,082424,27,Plaid Pref/Null,0.2941853475797929
30G,082424,28,Preferred,1.2631398845572321
30G,082424,28,Null,0.6087972647793938
30G,082424,28,Plaid,1.0546351605174187
30G,082424,28,Grating,0.7659599447743848
30G,082424,28,Plaid Pref/Null,1.0546351605174187
30G,082424,29,Preferred,0.6900978793164743
30G,082424,29,Null,0.37257969271291025
30G,082424,29,Plaid,0.3371489973608426
30G,082424,29,Grating,0.48731564509216585
30G,082424,29,Plaid Pref/Null,0.3371489973608426
30G,082424,30,Preferred,0.18766283779532061
30G,082424,30,Null,0.19463992769126195
30G,082424,30,Plaid,0.24697287452695066
30G,082424,30,Grating,0.1658720564374946
30G,082424,30,Plaid Pref/Null,0.24697287452695066
30G,082424,31,Preferred,0.7565121460084935
30G,082424,31,Null,0.4277289126349842
30G,082424,31,Plaid,0.6455350881971882
30G,082424,31,Grating,0.33277393584432463
30G,082424,31,Plaid Pref/Null,0.6455350881971882
30G,082424,32,Preferred,0.4584731232991555
30G,082424,32,Null,0.20826290352862228
30G,082424,32,Plaid,0.30430218768552086
30G,082424,32,Grating,0.3225760417653841
30G,082424,32,Plaid Pref/Null,0.30430218768552086
30G,082424,33,Preferred,1.3712515730625188
30G,082424,33,Null,0.7059328843135496
30G,082424,33,Plaid,0.49809210859125236
30G,082424,33,Grating,1.1674919230202798
30G,082424,33,Plaid Pref/Null,0.49809210859125236
30G,082424,34,Preferred,0.2622953953276615
30G,082424,34,Null,0.2514749095656034
30G,082424,34,Plaid,0.2724528982609273
30G,082424,34,Grating,0.2412077015013256
30G,082424,34,Plaid Pref/Null,0.2724528982609273
30G,082424,35,Preferred,0.8709448390130211
30G,082424,35,Null,0.7849461477962384
30G,082424,35,Plaid,0.5526320687269894
30G,082424,35,Grating,0.9445185829845143
30G,082424,35,Plaid Pref/Null,0.5526320687269894
30G,082524,0,Preferred,2.0682251306315673
30G,082524,0,Null,1.8391948120645893
30G,082524,0,Plaid,2.2237848233476276
30G,082524,0,Grating,1.544959639611387
30G,082524,0,Plaid Pref/Null,2.2237848233476276
30G,082524,1,Preferred,1.8267426480927982
30G,082524,1,Null,1.1824469011678067
30G,082524,1,Plaid,1.513069483761367
30G,082524,1,Grating,1.102564234794544
30G,082524,1,Plaid Pref/Null,1.513069483761367
30G,082524,2,Preferred,1.2799185960767783
30G,082524,2,Null,0.55347578683708
30G,082524,2,Plaid,0.4487288530553185
30G,082524,2,Grating,1.223860897806133
30G,082524,2,Plaid Pref/Null,0.4487288530553185
30G,082524,3,Preferred,3.0457647077182255
30G,082524,3,Null,1.573948149777311
30G,082524,3,Plaid,1.949560883468305
30G,082524,3,Grating,1.6251983947827424
30G,082524,3,Plaid Pref/Null,1.949560883468305
30G,082524,4,Preferred,0.8163012892895682
30G,082524,4,Null,0.6723554769841948
30G,082524,4,Plaid,0.7435831653758478
30G,082524,4,Grating,0.6699310472240669
30G,082524,4,Plaid Pref/Null,0.7435831653758478
30G,082524,5,Preferred,2.9074748288952734
30G,082524,5,Null,1.5305995656099287
30G,082524,5,Plaid,2.0996549375059663
30G,082524,5,Grating,1.5522876766456
30G,082524,5,Plaid Pref/Null,2.0996549375059663
30G,082524,6,Preferred,0.29722730273525494
30G,082524,6,Null,0.3464056893918958
30G,082524,6,Plaid,0.31607894654793445
30G,082524,6,Grating,0.34925484242459354
30G,082524,6,Plaid Pref/Null,0.31607894654793445
30G,082524,7,Preferred,2.3211137557133337
30G,082524,7,Null,1.6478820478381058
30G,082524,7,Plaid,2.9655321797023526
30G,082524,7,Grating,2.0069646410416926
30G,082524,7,Plaid Pref/Null,2.9655321797023526
30G,082524,8,Preferred,2.3870122470309822
30G,082524,8,Null,0.9580073222897657
30G,082524,8,Plaid,1.0407158188895633
30G,082524,8,Grating,1.4845608484784274
30G,082524,8,Plaid Pref/Null,1.0407158188895633
30G,082524,9,Preferred,0.40389265475679886
30G,082524,9,Null,0.28745966278497936
30G,082524,9,Plaid,0.33638980535565244
30G,082524,9,Grating,0.2924279715451629
30G,082524,9,Plaid Pref/Null,0.33638980535565244
30G,082524,10,Preferred,0.5494304200128283
30G,082524,10,Null,0.3081262302589907
30G,082524,10,Plaid,0.28575550451405674
30G,082524,10,Grating,0.40137266140643985
30G,082524,10,Plaid Pref/Null,0.28575550451405674
30G,082524,11,Preferred,0.5073323964426338
30G,082524,11,Null,0.2671611474690799
30G,082524,11,Plaid,0.4583558409944646
30G,082524,11,Grating,0.2590929567434664
30G,082524,11,Plaid Pref/Null,0.4583558409944646
30G,082524,12,Preferred,1.835324691804103
30G,082524,12,Null,1.1573752833611115
30G,082524,12,Plaid,1.4062292767209252
30G,082524,12,Grating,1.3575475475557761
30G,082524,12,Plaid Pref/Null,1.4062292767209252
30G,082524,13,Preferred,1.4603498137226307
30G,082524,13,Null,0.43791922263257105
30G,082524,13,Plaid,0.5167017763713739
30G,082524,13,Grating,0.7305868051478986
30G,082524,13,Plaid Pref/Null,0.5167017763713739
30G,082524,14,Preferred,1.8154440147602522
30G,082524,14,Null,0.978771920491314
30G,082524,14,Plaid,1.2637763463668605
30G,082524,14,Grating,0.9955713243342829
30G,082524,14,Plaid Pref/Null,1.2637763463668605
30G,082524,15,Preferred,0.38485211291303967
30G,082524,15,Null,0.37551869732089116
30G,082524,15,Plaid,0.3756204133261679
30G,082524,15,Grating,0.37986149942403064
30G,082524,15,Plaid Pref/Null,0.3756204133261679
30G,082524,16,Preferred,0.2271464028994025
30G,082524,16,Null,0.19145872928272856
30G,082524,16,Plaid,0.2305599559289259
30G,082524,16,Grating,0.1766460717053536
30G,082524,16,Plaid Pref/Null,0.2305599559289259
30G,082524,17,Preferred,1.7448889146914537
30G,082524,17,Null,0.5824928419218155
30G,082524,17,Plaid,0.6313583651384403
30G,082524,17,Grating,0.8904302786501631
30G,082524,17,Plaid Pref/Null,0.6313583651384403
30G,082524,18,Preferred,2.4204689576764133
30G,082524,18,Null,0.7687608528056066
30G,082524,18,Plaid,0.677857835008733
30G,082524,18,Grating,1.1336625832056522
30G,082524,18,Plaid Pref/Null,0.677857835008733
30G,082524,19,Preferred,0.6930008818974976
30G,082524,19,Null,0.3515533839349304
30G,082524,19,Plaid,0.6345189066632401
30G,082524,19,Grating,0.34645346766442364
30G,082524,19,Plaid Pref/Null,0.6345189066632401
30G,082524,20,Preferred,0.2942311037854315
30G,082524,20,Null,0.18878746286831058
30G,082524,20,Plaid,0.23676298560273423
30G,082524,20,Grating,0.20963028865816433
30G,082524,20,Plaid Pref/Null,0.23676298560273423
30G,082524,21,Preferred,0.8593681552553653
30G,082524,21,Null,0.5387480364665818
30G,082524,21,Plaid,0.6293165711554227
30G,082524,21,Grating,0.534225675100328
30G,082524,21,Plaid Pref/Null,0.6293165711554227
30G,082524,22,Preferred,0.46540983243222833
30G,082524,22,Null,0.3137055917136902
30G,082524,22,Plaid,0.3400985786763177
30G,082524,22,Grating,0.3514670427661765
30G,082524,22,Plaid Pref/Null,0.3400985786763177
30G,082524,23,Preferred,0.7746501896481426
30G,082524,23,Null,0.4553501843131647
30G,082524,23,Plaid,0.7932270828854701
30G,082524,23,Grating,0.4606094943409814
30G,082524,23,Plaid Pref/Null,0.7932270828854701
30G,082524,24,Preferred,0.8606285828788529
30G,082524,24,Null,0.7094897142465262
30G,082524,24,Plaid,0.7891562987426208
30G,082524,24,Grating,0.7110488998214937
30G,082524,24,Plaid Pref/Null,0.7891562987426208
30G,082524,25,Preferred,0.548578292682565
30G,082524,25,Null,0.7278325744877118
30G,082524,25,Plaid,0.5681693321778722
30G,082524,25,Grating,0.781264290897863
30G,082524,25,Plaid Pref/Null,0.5681693321778722
30G,082524,26,Preferred,0.38961383463632643
30G,082524,26,Null,0.32491529009181697
30G,082524,26,Plaid,0.32120227462957923
30G,082524,26,Grating,0.3392683070871236
30G,082524,26,Plaid Pref/Null,0.32120227462957923
30N,062824,0,Preferred,6.527843083537667
30N,062824,0,Null,6.312584574794464
30N,062824,0,Plaid,5.951852873181226
30N,062824,0,Grating,6.619414560636631
30N,062824,0,Plaid Pref/Null,5.951852873181226
30N,062824,1,Preferred,2.6702380776488126
30N,062824,1,Null,2.4300290961734112
30N,062824,1,Plaid,1.9300236740510297
30N,062824,1,Grating,2.776097741797973
30N,062824,1,Plaid Pref/Null,1.9300236740510297
30N,062824,2,Preferred,4.553263747013724
30N,062824,2,Null,3.0265390424010223
30N,062824,2,Plaid,1.8065517114200278
30N,062824,2,Grating,3.907467414532526
30N,062824,2,Plaid Pref/Null,1.8065517114200278
30N,062824,3,Preferred,2.108051111720085
30N,062824,3,Null,2.7104635823766685
30N,062824,3,Plaid,2.374511733803477
30N,062824,3,Grating,2.721293341383513
30N,062824,3,Plaid Pref/Null,2.374511733803477
30N,062824,4,Preferred,4.535523299235192
30N,062824,4,Null,3.1481671735352013
30N,062824,4,Plaid,1.7721875286266195
30N,062824,4,Grating,3.9704139584864233
30N,062824,4,Plaid Pref/Null,1.7721875286266195
30N,062824,5,Preferred,5.331357590006472
30N,062824,5,Null,3.86456548335678
30N,062824,5,Plaid,2.4547210841238254
30N,062824,5,Grating,4.486190461831156
30N,062824,5,Plaid Pref/Null,2.4547210841238254
30N,062824,6,Preferred,2.4856757658902193
30N,062824,6,Null,1.780922890062684
30N,062824,6,Plaid,1.5881083769207003
30N,062824,6,Grating,1.9309896416419923
30N,062824,6,Plaid Pref/Null,1.5881083769207003
30N,062824,7,Preferred,4.925403368873216
30N,062824,7,Null,3.3939400452111377
30N,062824,7,Plaid,2.5601283536584054
30N,062824,7,Grating,4.0114398929337645
30N,062824,7,Plaid Pref/Null,2.5601283536584054
30N,062824,8,Preferred,4.427086665560757
30N,062824,8,Null,3.6284258413019552
30N,062824,8,Plaid,3.1384697311237812
30N,062824,8,Grating,4.079804351357172
30N,062824,8,Plaid Pref/Null,3.1384697311237812
30N,062824,9,Preferred,2.8537212878878195
30N,062824,9,Null,2.272062384791204
30N,062824,9,Plaid,3.157143410152938
30N,062824,9,Grating,1.8851963661157887
30N,062824,9,Plaid Pref/Null,3.157143410152938
30N,062824,10,Preferred,3.714264933156223
30N,062824,10,Null,2.5609193960996395
30N,062824,10,Plaid,2.253767928373509
30N,062824,10,Grating,2.8668810896147514
30N,062824,10,Plaid Pref/Null,2.253767928373509
30N,062824,11,Preferred,3.02849604224758
30N,062824,11,Null,2.795476942908919
30N,062824,11,Plaid,2.2830244125244823
30N,062824,11,Grating,3.103971294699303
30N,062824,11,Plaid Pref/Null,2.2830244125244823
30N,062824,12,Preferred,1.980496637989366
30N,062824,12,Null,1.1188823922571027
30N,062824,12,Plaid,1.2753583098235945
30N,062824,12,Grating,1.2953187937937733
30N,062824,12,Plaid Pref/Null,1.2753583098235945
30N,062824,13,Preferred,2.6211529842237753
30N,062824,13,Null,1.7981357053682352
30N,062824,13,Plaid,1.6139053343485104
30N,062824,13,Grating,1.989592364488794
30N,062824,13,Plaid Pref/Null,1.6139053343485104
30N,062824,14,Preferred,2.1651835900864844
30N,062824,14,Null,1.6704466634479809
30N,062824,14,Plaid,1.307426177881765
30N,062824,14,Grating,1.949280766816229
30N,062824,14,Plaid Pref/Null,1.307426177881765
30N,062824,15,Preferred,1.8175288386157258
30N,062824,15,Null,1.204828307213394
30N,062824,15,Plaid,1.3779933027033764
30N,062824,15,Grating,1.2925271324480645
30N,062824,15,Plaid Pref/Null,1.3779933027033764
30N,062824,16,Preferred,1.7266014541261456
30N,062824,16,Null,1.4828580979831414
30N,062824,16,Plaid,1.277483969324522
30N,062824,16,Grating,1.6543766143752543
30N,062824,16,Plaid Pref/Null,1.277483969324522
30N,062824,17,Preferred,2.231161182572846
30N,062824,17,Null,0.8837325087416299
30N,062824,17,Plaid,1.1117989348660189
30N,062824,17,Grating,0.941106081171064
30N,062824,17,Plaid Pref/Null,1.1117989348660189
30N,062824,18,Preferred,0.9174612578474184
30N,062824,18,Null,0.8497597659871192
30N,062824,18,Plaid,0.8497307493914884
30N,062824,18,Grating,0.8705469491617344
30N,062824,18,Plaid Pref/Null,0.8497307493914884
30N,062824,19,Preferred,1.6634826959077011
30N,062824,19,Null,1.1144037697667473
30N,062824,19,Plaid,1.2385599905186622
30N,062824,19,Grating,1.149557515163815
30N,062824,19,Plaid Pref/Null,1.2385599905186622
30N,062824,20,Preferred,0.5523786289773127
30N,062824,20,Null,0.7821986390063124
30N,062824,20,Plaid,0.5832213837912575
30N,062824,20,Grating,0.8219352865915486
30N,062824,20,Plaid Pref/Null,0.5832213837912575
30N,062824,21,Preferred,0.8783648937128713
30N,062824,21,Null,0.9316871170479027
30N,062824,21,Plaid,0.9920836481209606
30N,062824,21,Grating,0.910827249184435
30N,062824,21,Plaid Pref/Null,0.9920836481209606
30N,062824,22,Preferred,1.4413313770741758
30N,062824,22,Null,0.7790709031963606
30N,062824,22,Plaid,0.8701431278964372
30N,062824,22,Grating,0.9517963370427579
30N,062824,22,Plaid Pref/Null,0.8701431278964372
30N,062824,23,Preferred,1.2679528478173183
30N,062824,23,Null,0.920606083881149
30N,062824,23,Plaid,1.067410098625963
30N,062824,23,Grating,0.9425333341435348
30N,062824,23,Plaid Pref/Null,1.067410098625963
30N,062824,24,Preferred,1.351242997199455
30N,062824,24,Null,0.8255953827240761
30N,062824,24,Plaid,0.5705159344615681
30N,062824,24,Grating,1.0287596988148398
30N,062824,24,Plaid Pref/Null,0.5705159344615681
30N,062824,25,Preferred,1.1758371356123771
30N,062824,25,Null,0.7981853970303773
30N,062824,25,Plaid,0.7107346111656377
30N,062824,25,Grating,0.9344017366248937
30N,062824,25,Plaid Pref/Null,0.7107346111656377
30N,062824,26,Preferred,1.1705245312186046
30N,062824,26,Null,1.2286366670066187
30N,062824,26,Plaid,1.1474665659842223
30N,062824,26,Grating,1.2591662094920408
30N,062824,26,Plaid Pref/Null,1.1474665659842223
30N,062824,27,Preferred,0.7662839975626835
30N,062824,27,Null,0.6716756746837034
30N,062824,27,Plaid,0.6053550183531957
30N,062824,27,Grating,0.7150000098085425
30N,062824,27,Plaid Pref/Null,0.6053550183531957
30N,062924,0,Preferred,8.515798050608058
30N,062924,0,Null,7.256509517657065
30N,062924,0,Plaid,7.173758040927349
30N,062924,0,Grating,7.810305028004103
30N,062924,0,Plaid Pref/Null,7.173758040927349
30N,062924,1,Preferred,1.6464269379085168
30N,062924,1,Null,2.2510507033334073
30N,062924,1,Plaid,1.3618650216698853
30N,062924,1,Grating,2.3924565677088103
30N,062924,1,Plaid Pref/Null,1.3618650216698853
30N,062924,2,Preferred,3.1658894821801273
30N,062924,2,Null,2.5886113358707
30N,062924,2,Plaid,2.1959004459900977
30N,062924,2,Grating,2.827954970428383
30N,062924,2,Plaid Pref/Null,2.1959004459900977
30N,062924,3,Preferred,0.6008276342607222
30N,062924,3,Null,1.0988791246866063
30N,062924,3,Plaid,1.3216628869321898
30N,062924,3,Grating,0.809027624074973
30N,062924,3,Plaid Pref/Null,1.3216628869321898
30N,062924,4,Preferred,0.5244667484120806
30N,062924,4,Null,1.1323417107272955
30N,062924,4,Plaid,1.418043416705206
30N,062924,4,Grating,0.7760967411314766
30N,062924,4,Plaid Pref/Null,1.418043416705206
30N,062924,5,Preferred,3.6858425712518534
30N,062924,5,Null,2.705851171841724
30N,062924,5,Plaid,1.975642329382272
30N,062924,5,Grating,3.2482186227961436
30N,062924,5,Plaid Pref/Null,1.975642329382272
30N,062924,6,Preferred,2.193906570358475
30N,062924,6,Null,1.417705872499614
30N,062924,6,Plaid,1.375033949637533
30N,062924,6,Grating,1.6944448573556279
30N,062924,6,Plaid Pref/Null,1.375033949637533
30N,062924,7,Preferred,1.923968591257294
30N,062924,7,Null,1.6780006675277823
30N,062924,7,Plaid,2.8124735028774315
30N,062924,7,Grating,1.1375497694432237
30N,062924,7,Plaid Pref/Null,2.8124735028774315
30N,062924,8,Preferred,2.5339212031023615
30N,062924,8,Null,1.7467592872875695
30N,062924,8,Plaid,1.455046174336202
30N,062924,8,Grating,2.1701245070735147
30N,062924,8,Plaid Pref/Null,1.455046174336202
30N,062924,9,Preferred,2.2525635164817683
30N,062924,9,Null,1.8970295573294065
30N,062924,9,Plaid,1.699592202877303
30N,062924,9,Grating,2.0494663776578643
30N,062924,9,Plaid Pref/Null,1.699592202877303
30N,062924,10,Preferred,1.5417140610921234
30N,062924,10,Null,1.2424352801536849
30N,062924,10,Plaid,1.2559641287054437
30N,062924,10,Grating,1.2881742885254825
30N,062924,10,Plaid Pref/Null,1.2559641287054437
30N,062924,11,Preferred,1.0512833855014867
30N,062924,11,Null,0.9122544321219209
30N,062924,11,Plaid,0.9056498353768764
30N,062924,11,Grating,0.9536255587212518
30N,062924,11,Plaid Pref/Null,0.9056498353768764
30N,062924,12,Preferred,1.580404589714449
30N,062924,12,Null,1.3761841803171089
30N,062924,12,Plaid,1.5783780721212992
30N,062924,12,Grating,1.2937375991438107
30N,062924,12,Plaid Pref/Null,1.5783780721212992
30N,062924,13,Preferred,1.9518032466939954
30N,062924,13,Null,1.4354369947311918
30N,062924,13,Plaid,1.1350919941004887
30N,062924,13,Grating,1.6957637305487403
30N,062924,13,Plaid Pref/Null,1.1350919941004887
30N,062924,14,Preferred,0.6950021930341101
30N,062924,14,Null,0.7543823643253924
30N,062924,14,Plaid,0.6477034980338672
30N,062924,14,Grating,0.788820279819291
30N,062924,14,Plaid Pref/Null,0.6477034980338672
30N,062924,15,Preferred,1.2612949507829354
30N,062924,15,Null,0.8881871204984464
30N,062924,15,Plaid,1.135068736284898
30N,062924,15,Grating,0.8455634274405062
30N,062924,15,Plaid Pref/Null,1.135068736284898
30N,062924,16,Preferred,0.8466767011809219
30N,062924,16,Null,0.6148256216099475
30N,062924,16,Plaid,0.8067634272930411
30N,062924,16,Grating,0.5619226699406552
30N,062924,16,Plaid Pref/Null,0.8067634272930411
30N,062924,17,Preferred,1.3362000716181646
30N,062924,17,Null,0.7568914762377533
30N,062924,17,Plaid,0.8621306714317348
30N,062924,17,Grating,0.7862073302871148
30N,062924,17,Plaid Pref/Null,0.8621306714317348
30N,062924,18,Preferred,0.6439224925210985
30N,062924,18,Null,0.6068247633716634
30N,062924,18,Plaid,0.7082440445462408
30N,062924,18,Grating,0.5599683040984978
30N,062924,18,Plaid Pref/Null,0.7082440445462408
30N,062924,19,Preferred,1.1451340389377183
30N,062924,19,Null,0.8071917660039137
30N,062924,19,Plaid,0.7776994518460509
30N,062924,19,Grating,0.8688277371680971
30N,062924,19,Plaid Pref/Null,0.7776994518460509
30N,062924,20,Preferred,0.8311186324296584
30N,062924,20,Null,0.735751358138176
30N,062924,20,Plaid,0.6585473825164091
30N,062924,20,Grating,0.8001736630382431
30N,062924,20,Plaid Pref/Null,0.6585473825164091
30N,062924,21,Preferred,0.6659073907976167
30N,062924,21,Null,0.5736657946400991
30N,062924,21,Plaid,0.5927443948578894
30N,062924,21,Grating,0.5748099584563251
30N,062924,21,Plaid Pref/Null,0.5927443948578894
30N,062924,22,Preferred,1.5001413243662722
30N,062924,22,Null,0.8221918945573211
30N,062924,22,Plaid,0.4714615408011197
30N,062924,22,Grating,1.21444332389866
30N,062924,22,Plaid Pref/Null,0.4714615408011197
30N,062924,23,Preferred,0.8965768309266097
30N,062924,23,Null,0.5821039598210137
30N,062924,23,Plaid,0.7248098276868318
30N,062924,23,Grating,0.5935631893667122
30N,062924,23,Plaid Pref/Null,0.7248098276868318
30N,070124,0,Preferred,8.068721017032027
30N,070124,0,Null,5.433101376119859
30N,070124,0,Plaid,4.187723729000338
30N,070124,0,Grating,6.332550659227122
30N,070124,0,Plaid Pref/Null,4.187723729000338
30N,070124,1,Preferred,9.185682994165031
30N,070124,1,Null,8.582911646339905
30N,070124,1,Plaid,5.257380223279732
30N,070124,1,Grating,9.727368486590464
30N,070124,1,Plaid Pref/Null,5.257380223279732
30N,070124,2,Preferred,10.79522625414734
30N,070124,2,Null,7.846295254316518
30N,070124,2,Plaid,7.267047344743574
30N,070124,2,Grating,8.49840377840134
30N,070124,2,Plaid Pref/Null,7.267047344743574
30N,070124,3,Preferred,1.8577613754991122
30N,070124,3,Null,3.0105034215368
30N,070124,3,Plaid,2.4335448393697843
30N,070124,3,Grating,3.2468786274867067
30N,070124,3,Plaid Pref/Null,2.4335448393697843
30N,070124,4,Preferred,5.277067465037382
30N,070124,4,Null,3.428212557722611
30N,070124,4,Plaid,4.032666424133747
30N,070124,4,Grating,3.7164967948834593
30N,070124,4,Plaid Pref/Null,4.032666424133747
30N,070124,5,Preferred,4.065286679669947
30N,070124,5,Null,3.4052239705480867
30N,070124,5,Plaid,3.5255699496251913
30N,070124,5,Grating,3.5601308892383536
30N,070124,5,Plaid Pref/Null,3.5255699496251913
30N,070124,6,Preferred,5.431059709447529
30N,070124,6,Null,4.192672123566676
30N,070124,6,Plaid,3.4701092253827386
30N,070124,6,Grating,4.777676774369292
30N,070124,6,Plaid Pref/Null,3.4701092253827386
30N,070124,7,Preferred,6.705383530659379
30N,070124,7,Null,3.868022706854831
30N,070124,7,Plaid,2.3314376466669207
30N,070124,7,Grating,4.812197652313353
30N,070124,7,Plaid Pref/Null,2.3314376466669207
30N,070124,8,Preferred,0.9238108752750248
30N,070124,8,Null,0.649306739044844
30N,070124,8,Plaid,0.7138089653431835
30N,070124,8,Grating,0.6951496722550099
30N,070124,8,Plaid Pref/Null,0.7138089653431835
30N,070124,9,Preferred,5.975743013421193
30N,070124,9,Null,3.2599386168082916
30N,070124,9,Plaid,2.5885974421749514
30N,070124,9,Grating,4.549148602452011
30N,070124,9,Plaid Pref/Null,2.5885974421749514
30N,070124,10,Preferred,4.520014544909948
30N,070124,10,Null,4.009384125800809
30N,070124,10,Plaid,3.5472645896422805
30N,070124,10,Grating,4.535096907748412
30N,070124,10,Plaid Pref/Null,3.5472645896422805
30N,070124,11,Preferred,4.799412120605068
30N,070124,11,Null,2.83484964661967
30N,070124,11,Plaid,3.9674905234202464
30N,070124,11,Grating,2.9058813787471744
30N,070124,11,Plaid Pref/Null,3.9674905234202464
30N,070124,12,Preferred,3.2012897490211873
30N,070124,12,Null,1.1056705346429665
30N,070124,12,Plaid,2.654555532189681
30N,070124,12,Grating,1.0971185548834517
30N,070124,12,Plaid Pref/Null,2.654555532189681
30N,070124,13,Preferred,6.068506685997072
30N,070124,13,Null,5.7585876085414744
30N,070124,13,Plaid,5.326160438138215
30N,070124,13,Grating,6.0587721553234
30N,070124,13,Plaid Pref/Null,5.326160438138215
30N,070124,14,Preferred,5.013954008208567
30N,070124,14,Null,3.9056175202415213
30N,070124,14,Plaid,2.7723683051731314
30N,070124,14,Grating,4.492720833770612
30N,070124,14,Plaid Pref/Null,2.7723683051731314
30N,070124,15,Preferred,1.952627809556849
30N,070124,15,Null,1.9052972984486132
30N,070124,15,Plaid,1.4197275437413541
30N,070124,15,Grating,2.114170275611789
30N,070124,15,Plaid Pref/Null,1.4197275437413541
30N,070124,16,Preferred,3.3728071566287814
30N,070124,16,Null,1.6590848714840551
30N,070124,16,Plaid,1.1548585367553823
30N,070124,16,Grating,2.3377777440614786
30N,070124,16,Plaid Pref/Null,1.1548585367553823
30N,070124,17,Preferred,7.101223550880898
30N,070124,17,Null,4.567505479271293
30N,070124,17,Plaid,2.8027783797724806
30N,070124,17,Grating,5.665293633634694
30N,070124,17,Plaid Pref/Null,2.8027783797724806
30N,070124,18,Preferred,2.752836419656535
30N,070124,18,Null,0.9893362229290953
30N,070124,18,Plaid,0.4842302228574689
30N,070124,18,Grating,1.9386234926280899
30N,070124,18,Plaid Pref/Null,0.4842302228574689
30N,070124,19,Preferred,2.955231244142304
30N,070124,19,Null,1.8938783942535338
30N,070124,19,Plaid,1.748023916814293
30N,070124,19,Grating,2.2615370117182474
30N,070124,19,Plaid Pref/Null,1.748023916814293
30N,070124,20,Preferred,1.66851125425536
30N,070124,20,Null,1.615032870274087
30N,070124,20,Plaid,1.7224826800982063
30N,070124,20,Grating,1.568901613795979
30N,070124,20,Plaid Pref/Null,1.7224826800982063
30N,070124,21,Preferred,2.038573427129637
30N,070124,21,Null,2.583761458735978
30N,070124,21,Plaid,1.6416354938896824
30N,070124,21,Grating,2.469460258032044
30N,070124,21,Plaid Pref/Null,1.6416354938896824
30N,070124,22,Preferred,2.5592829859620343
30N,070124,22,Null,2.5021359790451254
30N,070124,22,Plaid,2.3588000985952737
30N,070124,22,Grating,2.618589562093104
30N,070124,22,Plaid Pref/Null,2.3588000985952737
30N,070124,23,Preferred,2.1528317515203224
30N,070124,23,Null,1.8831922928274896
30N,070124,23,Plaid,1.9597362825298144
30N,070124,23,Grating,1.9417523725237205
30N,070124,23,Plaid Pref/Null,1.9597362825298144
30N,070124,24,Preferred,2.2413265256892947
30N,070124,24,Null,1.3596395925627371
30N,070124,24,Plaid,0.5696745115171116
30N,070124,24,Grating,1.8011163379547706
30N,070124,24,Plaid Pref/Null,0.5696745115171116
30N,070124,25,Preferred,2.6752666136482004
30N,070124,25,Null,1.3746351716797063
30N,070124,25,Plaid,0.8140034350438385
30N,070124,25,Grating,1.812662232389305
30N,070124,25,Plaid Pref/Null,0.8140034350438385
30N,070124,26,Preferred,1.6280091252290596
30N,070124,26,Null,0.7945613751446513
30N,070124,26,Plaid,0.5439827707594784
30N,070124,26,Grating,1.1757640959481677
30N,070124,26,Plaid Pref/Null,0.5439827707594784
30N,070124,27,Preferred,2.122987235301451
30N,070124,27,Null,1.407925985183646
30N,070124,27,Plaid,1.6732249151124463
30N,070124,27,Grating,1.4117829340141006
30N,070124,27,Plaid Pref/Null,1.6732249151124463
30N,070124,28,Preferred,0.9457855725751574
30N,070124,28,Null,1.343096848845362
30N,070124,28,Plaid,1.4137866479704804
30N,070124,28,Grating,1.259438220095649
30N,070124,28,Plaid Pref/Null,1.4137866479704804
30N,070124,29,Preferred,2.526154671877045
30N,070124,29,Null,0.6284997766859611
30N,070124,29,Plaid,0.6847554805977465
30N,070124,29,Grating,0.8536075332602787
30N,070124,29,Plaid Pref/Null,0.6847554805977465
30N,070124,30,Preferred,2.4917160340150923
30N,070124,30,Null,1.6964668823813887
30N,070124,30,Plaid,1.1777451705610236
30N,070124,30,Grating,2.220217561273182
30N,070124,30,Plaid Pref/Null,1.1777451705610236
30N,070124,31,Preferred,1.1248742602975028
30N,070124,31,Null,0.7077414121577914
30N,070124,31,Plaid,0.6415788419791195
30N,070124,31,Grating,0.7942660353539087
30N,070124,31,Plaid Pref/Null,0.6415788419791195
30N,070124,32,Preferred,1.1999177502859715
30N,070124,32,Null,0.7365509356161108
30N,070124,32,Plaid,0.5078201358966614
30N,070124,32,Grating,0.9587765401000866
30N,070124,32,Plaid Pref/Null,0.5078201358966614
30N,070124,33,Preferred,0.7916157960931819
30N,070124,33,Null,0.6429638290874766
30N,070124,33,Plaid,0.6168636475821508
30N,070124,33,Grating,0.6977744151119065
30N,070124,33,Plaid Pref/Null,0.6168636475821508
30N,070124,34,Preferred,1.335379476805976
30N,070124,34,Null,1.1019971129219046
30N,070124,34,Plaid,0.6748322137794637
30N,070124,34,Grating,1.3254028352075904
30N,070124,34,Plaid Pref/Null,0.6748322137794637
30N,070124,35,Preferred,1.1828416192420954
30N,070124,35,Null,0.8414700708343774
30N,070124,35,Plaid,0.8284132715257972
30N,070124,35,Grating,0.9776689862281126
30N,070124,35,Plaid Pref/Null,0.8284132715257972
30N,070124,36,Preferred,0.7108862999047403
30N,070124,36,Null,0.6609142249689474
30N,070124,36,Plaid,0.690226114814019
30N,070124,36,Grating,0.6680898188014613
30N,070124,36,Plaid Pref/Null,0.690226114814019
30N,070224,0,Preferred,3.5394615492710377
30N,070224,0,Null,2.3073069942614826
30N,070224,0,Plaid,2.298529227234909
30N,070224,0,Grating,2.494889089133652
30N,070224,0,Plaid Pref/Null,2.298529227234909
30N,070224,1,Preferred,8.482842681036244
30N,070224,1,Null,6.755377532231928
30N,070224,1,Plaid,7.325451903306656
30N,070224,1,Grating,6.994237635811187
30N,070224,1,Plaid Pref/Null,7.325451903306656
30N,070224,2,Preferred,6.2171318498432875
30N,070224,2,Null,4.592016797274437
30N,070224,2,Plaid,3.9261305608526764
30N,070224,2,Grating,5.1530392838384005
30N,070224,2,Plaid Pref/Null,3.9261305608526764
30N,070224,3,Preferred,9.174792746442387
30N,070224,3,Null,5.093244564772115
30N,070224,3,Plaid,4.524909603548757
30N,070224,3,Grating,7.102840274943502
30N,070224,3,Plaid Pref/Null,4.524909603548757
30N,070224,4,Preferred,3.587667414838456
30N,070224,4,Null,2.716685078725629
30N,070224,4,Plaid,2.6651958081496443
30N,070224,4,Grating,3.1423832517364536
30N,070224,4,Plaid Pref/Null,2.6651958081496443
30N,070224,5,Preferred,3.901843181271861
30N,070224,5,Null,3.110231711926712
30N,070224,5,Plaid,3.48795461949553
30N,070224,5,Grating,3.043200546428515
30N,070224,5,Plaid Pref/Null,3.48795461949553
30N,070224,6,Preferred,4.04608402545767
30N,070224,6,Null,2.9695328180804825
30N,070224,6,Plaid,2.7486617439079573
30N,070224,6,Grating,3.3961795310246896
30N,070224,6,Plaid Pref/Null,2.7486617439079573
30N,070224,7,Preferred,5.649179060685785
30N,070224,7,Null,4.385421365320542
30N,070224,7,Plaid,1.680394693116887
30N,070224,7,Grating,5.607341725045439
30N,070224,7,Plaid Pref/Null,1.680394693116887
30N,070224,8,Preferred,1.5739371082056595
30N,070224,8,Null,1.6184279964243031
30N,070224,8,Plaid,1.4417178510849569
30N,070224,8,Grating,1.7245040607760158
30N,070224,8,Plaid Pref/Null,1.4417178510849569
30N,070224,9,Preferred,6.861007122274448
30N,070224,9,Null,5.0285442480516895
30N,070224,9,Plaid,3.8430693003670098
30N,070224,9,Grating,5.979754834324108
30N,070224,9,Plaid Pref/Null,3.8430693003670098
30N,070224,10,Preferred,5.442050461386576
30N,070224,10,Null,4.326993018543481
30N,070224,10,Plaid,2.328049706188329
30N,070224,10,Grating,5.340237683309467
30N,070224,10,Plaid Pref/Null,2.328049706188329
30N,070224,11,Preferred,1.7234914949095432
30N,070224,11,Null,0.9550868869648397
30N,070224,11,Plaid,0.9340445158356447
30N,070224,11,Grating,1.2096095289735922
30N,070224,11,Plaid Pref/Null,0.9340445158356447
30N,070224,12,Preferred,2.0061423288987803
30N,070224,12,Null,1.3325945439363915
30N,070224,12,Plaid,0.536665498163598
30N,070224,12,Grating,1.7726937878142726
30N,070224,12,Plaid Pref/Null,0.536665498163598
30N,070224,13,Preferred,0.9353603172185451
30N,070224,13,Null,1.0798701735509266
30N,070224,13,Plaid,0.7931471235080243
30N,070224,13,Grating,1.1923256614394269
30N,070224,13,Plaid Pref/Null,0.7931471235080243
30N,070224,14,Preferred,2.937114333317098
30N,070224,14,Null,2.2491738292164114
30N,070224,14,Plaid,2.358295598054862
30N,070224,14,Grating,2.316898725727587
30N,070224,14,Plaid Pref/Null,2.358295598054862
30N,070224,15,Preferred,2.5072890652601254
30N,070224,15,Null,1.4177658782853664
30N,070224,15,Plaid,1.0947401111226025
30N,070224,15,Grating,1.7389600315450107
30N,070224,15,Plaid Pref/Null,1.0947401111226025
30N,070224,16,Preferred,1.4028982313642353
30N,070224,16,Null,0.9215597742581498
30N,070224,16,Plaid,0.7526982436730519
30N,070224,16,Grating,1.1344859336216846
30N,070224,16,Plaid Pref/Null,0.7526982436730519
30N,070224,17,Preferred,5.350639157082117
30N,070224,17,Null,3.790764193346665
30N,070224,17,Plaid,3.3729374143555018
30N,070224,17,Grating,4.884401332646621
30N,070224,17,Plaid Pref/Null,3.3729374143555018
30N,070224,18,Preferred,6.830527641995464
30N,070224,18,Null,4.621808740905694
30N,070224,18,Plaid,5.882208833825893
30N,070224,18,Grating,4.2451724219430895
30N,070224,18,Plaid Pref/Null,5.882208833825893
30N,070224,19,Preferred,1.3893276115590922
30N,070224,19,Null,1.4326980959370832
30N,070224,19,Plaid,1.2501395328682787
30N,070224,19,Grating,1.5041116069084544
30N,070224,19,Plaid Pref/Null,1.2501395328682787
30N,070224,20,Preferred,5.0460070762434945
30N,070224,20,Null,1.5851422066363816
30N,070224,20,Plaid,0.5971010555939102
30N,070224,20,Grating,2.7004876824748494
30N,070224,20,Plaid Pref/Null,0.5971010555939102
30N,070224,21,Preferred,4.61199240681527
30N,070224,21,Null,3.0065045872936746
30N,070224,21,Plaid,3.868996894538713
30N,070224,21,Grating,3.0591825160944386
30N,070224,21,Plaid Pref/Null,3.868996894538713
30N,070224,22,Preferred,0.5788165611589121
30N,070224,22,Null,0.6212325063835753
30N,070224,22,Plaid,0.7156199825896574
30N,070224,22,Grating,0.5635639598472888
30N,070224,22,Plaid Pref/Null,0.7156199825896574
30N,070224,23,Preferred,1.2392756240047702
30N,070224,23,Null,0.8392257418587166
30N,070224,23,Plaid,0.42560881090715547
30N,070224,23,Grating,1.045376707351383
30N,070224,23,Plaid Pref/Null,0.42560881090715547
30N,070224,24,Preferred,2.7521439249596615
30N,070224,24,Null,2.7724957356149305
30N,070224,24,Plaid,2.0532282495402945
30N,070224,24,Grating,2.47691819574615
30N,070224,24,Plaid Pref/Null,2.0532282495402945
30N,070224,25,Preferred,1.6026316528022648
30N,070224,25,Null,1.276907898092831
30N,070224,25,Plaid,1.0510284182877465
30N,070224,25,Grating,1.554705513139428
30N,070224,25,Plaid Pref/Null,1.0510284182877465
30N,070224,26,Preferred,1.4976198708982438
30N,070224,26,Null,1.3293832940221797
30N,070224,26,Plaid,1.4206851820044593
30N,070224,26,Grating,1.3385779477336013
30N,070224,26,Plaid Pref/Null,1.4206851820044593
30N,070224,27,Preferred,0.7248481118464645
30N,070224,27,Null,0.6734364925313095
30N,070224,27,Plaid,0.7618802710514931
30N,070224,27,Grating,0.6349022780059579
30N,070224,27,Plaid Pref/Null,0.7618802710514931
30N,070224,28,Preferred,2.3056476408914004
30N,070224,28,Null,1.9231102521710386
30N,070224,28,Plaid,1.675561715166504
30N,070224,28,Grating,0.2893103061505704
30N,070224,28,Plaid Pref/Null,1.675561715166504
30N,070224,29,Preferred,1.2197211828805823
30N,070224,29,Null,0.8413431346934924
30N,070224,29,Plaid,0.836181778191203
30N,070224,29,Grating,0.9445221071441582
30N,070224,29,Plaid Pref/Null,0.836181778191203
30N,070224,30,Preferred,3.6986217790445575
30N,070224,30,Null,1.5272284481338108
30N,070224,30,Plaid,1.1632043823321472
30N,070224,30,Grating,2.022557942921467
30N,070224,30,Plaid Pref/Null,1.1632043823321472
30N,070224,31,Preferred,1.17583477773889
30N,070224,31,Null,1.102372628413984
30N,070224,31,Plaid,0.9196784015303446
30N,070224,31,Grating,1.1928415777708612
30N,070224,31,Plaid Pref/Null,0.9196784015303446
30N,070224,32,Preferred,1.7853756771859957
30N,070224,32,Null,1.1569540520039183
30N,070224,32,Plaid,0.8119632113142112
30N,070224,32,Grating,1.4395914907068408
30N,070224,32,Plaid Pref/Null,0.8119632113142112
30N,070224,33,Preferred,1.5145484609376385
30N,070224,33,Null,1.1728186484909537
30N,070224,33,Plaid,1.3444473456551405
30N,070224,33,Grating,1.166999501979806
30N,070224,33,Plaid Pref/Null,1.3444473456551405
30N,070224,34,Preferred,0.939903434673977
30N,070224,34,Null,0.8520316995983609
30N,070224,34,Plaid,0.8134676761575735
30N,070224,34,Grating,0.8950327894305464
30N,070224,34,Plaid Pref/Null,0.8134676761575735
30N,070224,35,Preferred,1.6903831401947083
30N,070224,35,Null,1.33976559574342
30N,070224,35,Plaid,1.6977581644369073
30N,070224,35,Grating,0.7726251837440887
30N,070224,35,Plaid Pref/Null,1.6977581644369073
30N,070224,36,Preferred,1.6020980817059363
30N,070224,36,Null,0.8888404525868788
30N,070224,36,Plaid,0.6670917514849366
30N,070224,36,Grating,1.1557915380560309
30N,070224,36,Plaid Pref/Null,0.6670917514849366
30N,070224,37,Preferred,0.6116494037715836
30N,070224,37,Null,0.5998751786297654
30N,070224,37,Plaid,0.6927983186146436
30N,070224,37,Grating,0.5388038824316133
30N,070224,37,Plaid Pref/Null,0.6927983186146436
30N,070224,38,Preferred,0.9744632992586918
30N,070224,38,Null,0.7619978419107666
30N,070224,38,Plaid,0.5716525051278826
30N,070224,38,Grating,0.8714086456766578
30N,070224,38,Plaid Pref/Null,0.5716525051278826
30N,070224,39,Preferred,1.2252148483535723
30N,070224,39,Null,0.8902256644382689
30N,070224,39,Plaid,0.7759848613568099
30N,070224,39,Grating,0.999020236446498
30N,070224,39,Plaid Pref/Null,0.7759848613568099
32L,042424,0,Preferred,5.857777258843806
32L,042424,0,Null,5.4975939152494355
32L,042424,0,Plaid,4.759760480662034
32L,042424,0,Grating,5.998267588465237
32L,042424,0,Plaid Pref/Null,4.759760480662034
32L,042424,1,Preferred,8.864686618918618
32L,042424,1,Null,6.760271790323514
32L,042424,1,Plaid,6.630824499677565
32L,042424,1,Grating,7.1507496442649074
32L,042424,1,Plaid Pref/Null,6.630824499677565
32L,042424,2,Preferred,4.114852723484555
32L,042424,2,Null,3.928924226936609
32L,042424,2,Plaid,3.339755960745546
32L,042424,2,Grating,4.367621321107951
32L,042424,2,Plaid Pref/Null,3.339755960745546
32L,042424,3,Preferred,4.578205487686994
32L,042424,3,Null,2.5912927641353733
32L,042424,3,Plaid,1.9869689176194258
32L,042424,3,Grating,3.197232268216905
32L,042424,3,Plaid Pref/Null,1.9869689176194258
32L,042424,4,Preferred,8.507498987965429
32L,042424,4,Null,6.764091441742789
32L,042424,4,Plaid,6.190933113917279
32L,042424,4,Grating,7.373320676909406
32L,042424,4,Plaid Pref/Null,6.190933113917279
32L,042424,5,Preferred,3.6078611553623285
32L,042424,5,Null,2.514656139943303
32L,042424,5,Plaid,3.0996261211034675
32L,042424,5,Grating,1.9118176638330544
32L,042424,5,Plaid Pref/Null,3.0996261211034675
32L,042424,6,Preferred,1.68806567730357
32L,042424,6,Null,2.577190440352731
32L,042424,6,Plaid,2.2724919237942967
32L,042424,6,Grating,2.6134050188239533
32L,042424,6,Plaid Pref/Null,2.2724919237942967
32L,042424,7,Preferred,5.226178586691689
32L,042424,7,Null,3.0347842159658605
32L,042424,7,Plaid,2.3499558026463654
32L,042424,7,Grating,3.768841246709361
32L,042424,7,Plaid Pref/Null,2.3499558026463654
32L,042424,8,Preferred,3.6958096232610727
32L,042424,8,Null,2.3704171379228054
32L,042424,8,Plaid,1.567251703121917
32L,042424,8,Grating,2.848477585099093
32L,042424,8,Plaid Pref/Null,1.567251703121917
32L,042424,9,Preferred,2.6515151820393084
32L,042424,9,Null,2.7043470735790067
32L,042424,9,Plaid,2.582067187095215
32L,042424,9,Grating,2.9775372586163718
32L,042424,9,Plaid Pref/Null,2.582067187095215
32L,042424,10,Preferred,2.5874098429660233
32L,042424,10,Null,1.2959996583139823
32L,042424,10,Plaid,2.16115596194503
32L,042424,10,Grating,1.0630952755071261
32L,042424,10,Plaid Pref/Null,2.16115596194503
32L,042424,11,Preferred,1.8228079062340183
32L,042424,11,Null,1.3966567744926242
32L,042424,11,Plaid,0.9030981380947876
32L,042424,11,Grating,1.6629942968128952
32L,042424,11,Plaid Pref/Null,0.9030981380947876
32L,042424,12,Preferred,2.8002684559923563
32L,042424,12,Null,1.9104592867250134
32L,042424,12,Plaid,1.6946278727000081
32L,042424,12,Grating,2.146871991476897
32L,042424,12,Plaid Pref/Null,1.6946278727000081
32L,042424,13,Preferred,1.8826959887227075
32L,042424,13,Null,1.03836548261503
32L,042424,13,Plaid,1.5532117200013658
32L,042424,13,Grating,1.0111204347397904
32L,042424,13,Plaid Pref/Null,1.5532117200013658
32L,042424,14,Preferred,2.0449562457014276
32L,042424,14,Null,1.7880679828921051
32L,042424,14,Plaid,1.5654649591256862
32L,042424,14,Grating,1.9722785523958537
32L,042424,14,Plaid Pref/Null,1.5654649591256862
32L,042424,15,Preferred,1.6072531796252394
32L,042424,15,Null,0.9777689740842838
32L,042424,15,Plaid,0.9568128470897588
32L,042424,15,Grating,1.0830239285479661
32L,042424,15,Plaid Pref/Null,0.9568128470897588
32L,042424,16,Preferred,1.8845988541336385
32L,042424,16,Null,1.2164992172942763
32L,042424,16,Plaid,0.9641879626688088
32L,042424,16,Grating,1.4216549429029162
32L,042424,16,Plaid Pref/Null,0.9641879626688088
32L,042424,17,Preferred,1.6157357118042617
32L,042424,17,Null,1.248326026156102
32L,042424,17,Plaid,1.2985934118629143
32L,042424,17,Grating,1.3331111056122695
32L,042424,17,Plaid Pref/Null,1.2985934118629143
32L,042424,18,Preferred,2.8407016588410823
32L,042424,18,Null,1.4595546337255705
32L,042424,18,Plaid,1.213552900673184
32L,042424,18,Grating,1.9343199208908948
32L,042424,18,Plaid Pref/Null,1.213552900673184
32L,042424,19,Preferred,1.5067329797221778
32L,042424,19,Null,1.3980105208754452
32L,042424,19,Plaid,1.2309201419561273
32L,042424,19,Grating,1.4893486073441216
32L,042424,19,Plaid Pref/Null,1.2309201419561273
32L,042424,20,Preferred,1.0565637368072833
32L,042424,20,Null,0.7967834439953818
32L,042424,20,Plaid,0.9680908121172862
32L,042424,20,Grating,0.7762029434061514
32L,042424,20,Plaid Pref/Null,0.9680908121172862
32L,042424,21,Preferred,1.8356377148400724
32L,042424,21,Null,1.2598257545321234
32L,042424,21,Plaid,1.2764497743937286
32L,042424,21,Grating,1.410825626748678
32L,042424,21,Plaid Pref/Null,1.2764497743937286
32L,042424,22,Preferred,0.7986421756342764
32L,042424,22,Null,0.7224016945261755
32L,042424,22,Plaid,0.6684035629197514
32L,042424,22,Grating,0.7756571235517624
32L,042424,22,Plaid Pref/Null,0.6684035629197514
32L,042524,0,Preferred,6.37859044713251
32L,042524,0,Null,5.488328297069742
32L,042524,0,Plaid,5.3465213495648065
32L,042524,0,Grating,6.258003152063312
32L,042524,0,Plaid Pref/Null,5.3465213495648065
32L,042524,1,Preferred,4.8528433977446035
32L,042524,1,Null,5.160378125268495
32L,042524,1,Plaid,5.593130147254188
32L,042524,1,Grating,6.0619199700925
32L,042524,1,Plaid Pref/Null,5.593130147254188
32L,042524,2,Preferred,0.9639926367179954
32L,042524,2,Null,1.2228706703469
32L,042524,2,Plaid,1.2213036183053403
32L,042524,2,Grating,1.1747409455866589
32L,042524,2,Plaid Pref/Null,1.2213036183053403
32L,042524,3,Preferred,1.0277992488835688
32L,042524,3,Null,1.1662432285014823
32L,042524,3,Plaid,1.196419935161521
32L,042524,3,Grating,1.131882628487834
32L,042524,3,Plaid Pref/Null,1.196419935161521
32L,042524,4,Preferred,7.753845428720043
32L,042524,4,Null,4.904359334707033
32L,042524,4,Plaid,3.8413283581266846
32L,042524,4,Grating,6.184430865641111
32L,042524,4,Plaid Pref/Null,3.8413283581266846
32L,042524,5,Preferred,0.7083130957204469
32L,042524,5,Null,0.9808541646695456
32L,042524,5,Plaid,0.9478380891084914
32L,042524,5,Grating,0.9303562183616629
32L,042524,5,Plaid Pref/Null,0.9478380891084914
32L,042524,6,Preferred,0.9257719108977336
32L,042524,6,Null,1.2347222025287976
32L,042524,6,Plaid,1.1883249507263942
32L,042524,6,Grating,1.1967675798258122
32L,042524,6,Plaid Pref/Null,1.1883249507263942
32L,042524,7,Preferred,0.6755103686409899
32L,042524,7,Null,0.9348289496530278
32L,042524,7,Plaid,0.9330195865318406
32L,042524,7,Grating,0.888810865160301
32L,042524,7,Plaid Pref/Null,0.9330195865318406
32L,042524,8,Preferred,5.080349228506026
32L,042524,8,Null,4.492670605983237
32L,042524,8,Plaid,3.6073659404149896
32L,042524,8,Grating,4.969474536136218
32L,042524,8,Plaid Pref/Null,3.6073659404149896
32L,042524,9,Preferred,0.7130022666925511
32L,042524,9,Null,0.9552402470487799
32L,042524,9,Plaid,0.7642887191564306
32L,042524,9,Grating,1.005365680888918
32L,042524,9,Plaid Pref/Null,0.7642887191564306
32L,042524,10,Preferred,5.93646991082253
32L,042524,10,Null,3.8865254257933364
32L,042524,10,Plaid,2.3694717583754366
32L,042524,10,Grating,4.690275662604682
32L,042524,10,Plaid Pref/Null,2.3694717583754366
32L,042524,11,Preferred,0.7521558505571255
32L,042524,11,Null,1.008920978086136
32L,042524,11,Plaid,0.910268577715101
32L,042524,11,Grating,0.9964200821023568
32L,042524,11,Plaid Pref/Null,0.910268577715101
32L,042524,12,Preferred,3.6742898019339765
32L,042524,12,Null,3.764644719640182
32L,042524,12,Plaid,3.629571862767391
32L,042524,12,Grating,3.047895605966349
32L,042524,12,Plaid Pref/Null,3.629571862767391
32L,042524,13,Preferred,0.657739467915428
32L,042524,13,Null,0.9507452379901049
32L,042524,13,Plaid,1.033459375731155
32L,042524,13,Grating,0.8562947678596439
32L,042524,13,Plaid Pref/Null,1.033459375731155
32L,042524,14,Preferred,3.7174609822047033
32L,042524,14,Null,1.9626296922902053
32L,042524,14,Plaid,1.8799433095371652
32L,042524,14,Grating,2.280362863039226
32L,042524,14,Plaid Pref/Null,1.8799433095371652
32L,042524,15,Preferred,3.5866339439509396
32L,042524,15,Null,2.7783970017926287
32L,042524,15,Plaid,2.174226057825974
32L,042524,15,Grating,3.332408973063966
32L,042524,15,Plaid Pref/Null,2.174226057825974
32L,042524,16,Preferred,2.724686103997685
32L,042524,16,Null,2.710728776956665
32L,042524,16,Plaid,2.666599912401191
32L,042524,16,Grating,2.768521231814031
32L,042524,16,Plaid Pref/Null,2.666599912401191
32L,042524,17,Preferred,7.578326051181965
32L,042524,17,Null,4.667997331543134
32L,042524,17,Plaid,5.409942400221011
32L,042524,17,Grating,4.994339739806594
32L,042524,17,Plaid Pref/Null,5.409942400221011
32L,042524,18,Preferred,2.4743665277949005
32L,042524,18,Null,2.4204080574987623
32L,042524,18,Plaid,2.397657024056917
32L,042524,18,Grating,2.435805287139966
32L,042524,18,Plaid Pref/Null,2.397657024056917
32L,042524,19,Preferred,3.71157104782711
32L,042524,19,Null,2.0039808850466776
32L,042524,19,Plaid,1.0672428481052092
32L,042524,19,Grating,3.1586503711586844
32L,042524,19,Plaid Pref/Null,1.0672428481052092
32L,042524,20,Preferred,2.2024772168464755
32L,042524,20,Null,1.6764541131672908
32L,042524,20,Plaid,1.4451314896832468
32L,042524,20,Grating,1.9514526350412005
32L,042524,20,Plaid Pref/Null,1.4451314896832468
32L,042524,21,Preferred,3.231944705424656
32L,042524,21,Null,1.6786666017900687
32L,042524,21,Plaid,1.7844966739813477
32L,042524,21,Grating,1.9245102704273087
32L,042524,21,Plaid Pref/Null,1.7844966739813477
32L,042524,22,Preferred,2.696057671162509
32L,042524,22,Null,2.0538823736180922
32L,042524,22,Plaid,2.3373898198349945
32L,042524,22,Grating,2.008373940618901
32L,042524,22,Plaid Pref/Null,2.3373898198349945
32L,042524,23,Preferred,1.8455871390444585
32L,042524,23,Null,1.5282039463570316
32L,042524,23,Plaid,2.4275123901511253
32L,042524,23,Grating,1.108550778801525
32L,042524,23,Plaid Pref/Null,2.4275123901511253
32L,042524,24,Preferred,2.2461386284286653
32L,042524,24,Null,1.723636713461568
32L,042524,24,Plaid,1.9938314539342354
32L,042524,24,Grating,1.6702939288434726
32L,042524,24,Plaid Pref/Null,1.9938314539342354
32L,042524,25,Preferred,1.7447857240957954
32L,042524,25,Null,1.3335932814937415
32L,042524,25,Plaid,0.6962207018884041
32L,042524,25,Grating,1.5868324645859329
32L,042524,25,Plaid Pref/Null,0.6962207018884041
32L,042524,26,Preferred,2.1675488530333777
32L,042524,26,Null,1.8958724396926476
32L,042524,26,Plaid,1.7690476680187632
32L,042524,26,Grating,1.9575166860791224
32L,042524,26,Plaid Pref/Null,1.7690476680187632
32L,042524,27,Preferred,5.203992997104088
32L,042524,27,Null,1.5140418936587303
32L,042524,27,Plaid,1.3144231010898413
32L,042524,27,Grating,2.2322740883248775
32L,042524,27,Plaid Pref/Null,1.3144231010898413
32L,042524,28,Preferred,3.739302160857166
32L,042524,28,Null,2.1511980459083873
32L,042524,28,Plaid,1.1148490559837763
32L,042524,28,Grating,2.802070803647353
32L,042524,28,Plaid Pref/Null,1.1148490559837763
32L,042524,29,Preferred,0.7075535037478256
32L,042524,29,Null,1.1403613516198083
32L,042524,29,Plaid,1.0148377631385073
32L,042524,29,Grating,1.0884881541603912
32L,042524,29,Plaid Pref/Null,1.0148377631385073
32L,042524,30,Preferred,1.7695803814731794
32L,042524,30,Null,1.4454274205087076
32L,042524,30,Plaid,1.3358592559804214
32L,042524,30,Grating,1.600970059890165
32L,042524,30,Plaid Pref/Null,1.3358592559804214
32L,042524,31,Preferred,1.1534717755238695
32L,042524,31,Null,1.51080754145904
32L,042524,31,Plaid,1.2733608206700535
32L,042524,31,Grating,1.5517492746726709
32L,042524,31,Plaid Pref/Null,1.2733608206700535
32L,042524,32,Preferred,2.2351337197953463
32L,042524,32,Null,1.5251417600494248
32L,042524,32,Plaid,2.09798548767312
32L,042524,32,Grating,1.4227136852850324
32L,042524,32,Plaid Pref/Null,2.09798548767312
32L,042524,33,Preferred,1.4241236839340525
32L,042524,33,Null,1.5189368917872659
32L,042524,33,Plaid,0.9543728167930938
32L,042524,33,Grating,1.7818808820800793
32L,042524,33,Plaid Pref/Null,0.9543728167930938
32L,042524,34,Preferred,2.2202321309785042
32L,042524,34,Null,1.4834694895889273
32L,042524,34,Plaid,1.469706208603336
32L,042524,34,Grating,1.7100460912989413
32L,042524,34,Plaid Pref/Null,1.469706208603336
32L,042524,35,Preferred,2.539115060116821
32L,042524,35,Null,2.1135222130509725
32L,042524,35,Plaid,1.6340644817373866
32L,042524,35,Grating,2.36491737039127
32L,042524,35,Plaid Pref/Null,1.6340644817373866
32L,042524,36,Preferred,1.529915930161004
32L,042524,36,Null,1.4739558462955924
32L,042524,36,Plaid,1.6310321033999007
32L,042524,36,Grating,1.4143819566347167
32L,042524,36,Plaid Pref/Null,1.6310321033999007
32L,042524,37,Preferred,1.399673572238572
32L,042524,37,Null,0.6782880290900885
32L,042524,37,Plaid,0.7853262488835208
32L,042524,37,Grating,0.8386140031474313
32L,042524,37,Plaid Pref/Null,0.7853262488835208
32L,042524,38,Preferred,1.316938469692488
32L,042524,38,Null,0.9975621648914036
32L,042524,38,Plaid,0.6222368326243028
32L,042524,38,Grating,1.23321754103052
32L,042524,38,Plaid Pref/Null,0.6222368326243028
32L,042524,39,Preferred,0.8065141915471724
32L,042524,39,Null,0.6554809575343996
32L,042524,39,Plaid,0.6798534868837848
32L,042524,39,Grating,0.6856654594518119
32L,042524,39,Plaid Pref/Null,0.6798534868837848
32L,042524,40,Preferred,1.23472558878485
32L,042524,40,Null,0.8994104082951537
32L,042524,40,Plaid,0.7321800741978376
32L,042524,40,Grating,1.0793192416456592
32L,042524,40,Plaid Pref/Null,0.7321800741978376
32L,042524,41,Preferred,2.2610741312925757
32L,042524,41,Null,1.255118101576774
32L,042524,41,Plaid,0.9413365579535615
32L,042524,41,Grating,1.5901096291340389
32L,042524,41,Plaid Pref/Null,0.9413365579535615
32L,042524,42,Preferred,1.2785641488795938
32L,042524,42,Null,1.1170924824049162
32L,042524,42,Plaid,1.0455658950478117
32L,042524,42,Grating,1.1736514161570557
32L,042524,42,Plaid Pref/Null,1.0455658950478117
32L,042524,43,Preferred,1.8835793365776272
32L,042524,43,Null,1.4507879423481838
32L,042524,43,Plaid,1.5712610165388388
32L,042524,43,Grating,1.7771299046218392
32L,042524,43,Plaid Pref/Null,1.5712610165388388
32L,042524,44,Preferred,1.7999792814994275
32L,042524,44,Null,1.170354478604071
32L,042524,44,Plaid,1.4135081868787691
32L,042524,44,Grating,1.2291516065048076
32L,042524,44,Plaid Pref/Null,1.4135081868787691
32L,042524,45,Preferred,1.8593873428911796
32L,042524,45,Null,0.5621235565847741
32L,042524,45,Plaid,0.7592978971505528
32L,042524,45,Grating,0.8435189453580432
32L,042524,45,Plaid Pref/Null,0.7592978971505528
32L,042524,46,Preferred,0.8686805629730449
32L,042524,46,Null,1.123661856015496
32L,042524,46,Plaid,1.010018674215645
32L,042524,46,Grating,1.1175188431469079
32L,042524,46,Plaid Pref/Null,1.010018674215645
32L,042524,47,Preferred,1.7286462166943979
32L,042524,47,Null,1.0941091344601428
32L,042524,47,Plaid,0.9279845717849473
32L,042524,47,Grating,1.3140868372971741
32L,042524,47,Plaid Pref/Null,0.9279845717849473
32L,042524,48,Preferred,1.0887969286393104
32L,042524,48,Null,1.219776264236477
32L,042524,48,Plaid,1.2693181933744087
32L,042524,48,Grating,1.1795614616099088
32L,042524,48,Plaid Pref/Null,1.2693181933744087
32L,042524,49,Preferred,2.1051453890744916
32L,042524,49,Null,1.2714295359289873
32L,042524,49,Plaid,2.0072534043149477
32L,042524,49,Grating,1.0106306411315729
32L,042524,49,Plaid Pref/Null,2.0072534043149477
32L,042524,50,Preferred,1.1274262619055393
32L,042524,50,Null,0.8506050662956409
32L,042524,50,Plaid,0.8027180842566815
32L,042524,50,Grating,0.9095342039126744
32L,042524,50,Plaid Pref/Null,0.8027180842566815
32L,042524,51,Preferred,1.5701822365653884
32L,042524,51,Null,0.36092714114046004
32L,042524,51,Plaid,0.267784024126752
32L,042524,51,Grating,0.7529634284417991
32L,042524,51,Plaid Pref/Null,0.267784024126752
32L,042524,52,Preferred,1.3744121532885274
32L,042524,52,Null,0.948290436327549
32L,042524,52,Plaid,0.9754589499129452
32L,042524,52,Grating,0.9963485671336108
32L,042524,52,Plaid Pref/Null,0.9754589499129452
32L,042524,53,Preferred,1.3712326926746699
32L,042524,53,Null,1.1010648370609317
32L,042524,53,Plaid,1.3292703593869204
32L,042524,53,Grating,0.9909004608349637
32L,042524,53,Plaid Pref/Null,1.3292703593869204
32L2,053024,0,Preferred,10.998366981121576
32L2,053024,0,Null,8.769077942607744
32L2,053024,0,Plaid,6.012022503044135
32L2,053024,0,Grating,9.901324183068324
32L2,053024,0,Plaid Pref/Null,6.012022503044135
32L2,053024,1,Preferred,0.9397339464789856
32L2,053024,1,Null,1.1309682852746823
32L2,053024,1,Plaid,1.2633638965671548
32L2,053024,1,Grating,1.0444872527837787
32L2,053024,1,Plaid Pref/Null,1.2633638965671548
32L2,053024,2,Preferred,5.9544498867555085
32L2,053024,2,Null,5.261345874750897
32L2,053024,2,Plaid,5.8553565454605065
32L2,053024,2,Grating,4.737021067470575
32L2,053024,2,Plaid Pref/Null,5.8553565454605065
32L2,053024,3,Preferred,9.084608885061606
32L2,053024,3,Null,4.789812418817442
32L2,053024,3,Plaid,3.2884242536822477
32L2,053024,3,Grating,5.824667533766258
32L2,053024,3,Plaid Pref/Null,3.2884242536822477
32L2,053024,4,Preferred,1.5322567959227233
32L2,053024,4,Null,1.164155311890195
32L2,053024,4,Plaid,1.1776735435380217
32L2,053024,4,Grating,1.2216495605823416
32L2,053024,4,Plaid Pref/Null,1.1776735435380217
32L2,053024,5,Preferred,3.9028090997822393
32L2,053024,5,Null,3.283865566109435
32L2,053024,5,Plaid,3.7219556222230827
32L2,053024,5,Grating,5.1953844054058775
32L2,053024,5,Plaid Pref/Null,3.7219556222230827
32L2,053024,6,Preferred,6.936028694138334
32L2,053024,6,Null,7.087997188367873
32L2,053024,6,Plaid,8.051025657797185
32L2,053024,6,Grating,6.587911131446092
32L2,053024,6,Plaid Pref/Null,8.051025657797185
32L2,053024,7,Preferred,4.893488356611391
32L2,053024,7,Null,3.9112270823206825
32L2,053024,7,Plaid,4.945969724302662
32L2,053024,7,Grating,3.294872205164287
32L2,053024,7,Plaid Pref/Null,4.945969724302662
32L2,053024,8,Preferred,3.3268407954703494
32L2,053024,8,Null,1.6514392225012111
32L2,053024,8,Plaid,1.807039349840078
32L2,053024,8,Grating,1.9061186127001308
32L2,053024,8,Plaid Pref/Null,1.807039349840078
32L2,053024,9,Preferred,6.633178906689404
32L2,053024,9,Null,3.72987575893078
32L2,053024,9,Plaid,2.006984962441079
32L2,053024,9,Grating,5.4484131965673175
32L2,053024,9,Plaid Pref/Null,2.006984962441079
32L2,053024,10,Preferred,2.317995174421127
32L2,053024,10,Null,2.2761564301293222
32L2,053024,10,Plaid,2.220641922412384
32L2,053024,10,Grating,2.3257047476232913
32L2,053024,10,Plaid Pref/Null,2.220641922412384
32L2,053024,11,Preferred,1.3296469431000235
32L2,053024,11,Null,0.9353144680134153
32L2,053024,11,Plaid,0.8709357102851714
32L2,053024,11,Grating,1.0222889403479642
32L2,053024,11,Plaid Pref/Null,0.8709357102851714
32L2,053024,12,Preferred,2.034131228490051
32L2,053024,12,Null,1.387825253166083
32L2,053024,12,Plaid,1.0174549917905324
32L2,053024,12,Grating,1.7339901705358463
32L2,053024,12,Plaid Pref/Null,1.0174549917905324
32L2,053024,13,Preferred,1.104976247898642
32L2,053024,13,Null,0.8214936687212248
32L2,053024,13,Plaid,0.7009821011870797
32L2,053024,13,Grating,0.9453066379686612
32L2,053024,13,Plaid Pref/Null,0.7009821011870797
32L2,053024,14,Preferred,2.7077153349222263
32L2,053024,14,Null,3.576684208260717
32L2,053024,14,Plaid,2.3125061617962257
32L2,053024,14,Grating,1.7813010043489268
32L2,053024,14,Plaid Pref/Null,2.3125061617962257
32L2,053024,15,Preferred,4.886052895186811
32L2,053024,15,Null,3.301495284957086
32L2,053024,15,Plaid,4.3224145224991455
32L2,053024,15,Grating,3.1628082147284973
32L2,053024,15,Plaid Pref/Null,4.3224145224991455
32L2,053024,16,Preferred,7.126871306828145
32L2,053024,16,Null,5.985537358979677
32L2,053024,16,Plaid,4.891591101286169
32L2,053024,16,Grating,6.570069629091298
32L2,053024,16,Plaid Pref/Null,4.891591101286169
32L2,053024,17,Preferred,5.757333449332382
32L2,053024,17,Null,2.352815142697099
32L2,053024,17,Plaid,2.42683872303366
32L2,053024,17,Grating,3.0187102851481145
32L2,053024,17,Plaid Pref/Null,2.42683872303366
32L2,053024,18,Preferred,4.154299780535469
32L2,053024,18,Null,2.898222104816951
32L2,053024,18,Plaid,3.6982747218693337
32L2,053024,18,Grating,1.3523306047060095
32L2,053024,18,Plaid Pref/Null,3.6982747218693337
32L2,053024,19,Preferred,2.0844343180956275
32L2,053024,19,Null,1.4452313292312984
32L2,053024,19,Plaid,2.1474713896827864
32L2,053024,19,Grating,1.2149131217888478
32L2,053024,19,Plaid Pref/Null,2.1474713896827864
32L2,053024,20,Preferred,0.8378938958056601
32L2,053024,20,Null,0.7568154506746135
32L2,053024,20,Plaid,0.638370520587527
32L2,053024,20,Grating,0.8369199093877608
32L2,053024,20,Plaid Pref/Null,0.638370520587527
32L2,053024,21,Preferred,1.74133015259605
32L2,053024,21,Null,1.5469067950930184
32L2,053024,21,Plaid,1.235555029258103
32L2,053024,21,Grating,1.7499407651735064
32L2,053024,21,Plaid Pref/Null,1.235555029258103
32L2,053024,22,Preferred,1.3382881486234544
32L2,053024,22,Null,0.9350992897849848
32L2,053024,22,Plaid,0.7718544936614605
32L2,053024,22,Grating,1.100379635783693
32L2,053024,22,Plaid Pref/Null,0.7718544936614605
32L2,053024,23,Preferred,2.5027250512521815
32L2,053024,23,Null,1.9913525368278584
32L2,053024,23,Plaid,1.2218792009581885
32L2,053024,23,Grating,2.320754202684594
32L2,053024,23,Plaid Pref/Null,1.2218792009581885
32L2,053024,24,Preferred,1.6183287488656624
32L2,053024,24,Null,1.485069784051537
32L2,053024,24,Plaid,1.4426487007964657
32L2,053024,24,Grating,1.5291149619155666
32L2,053024,24,Plaid Pref/Null,1.4426487007964657
32L2,053024,25,Preferred,2.4248719485576933
32L2,053024,25,Null,2.1415572503482503
32L2,053024,25,Plaid,2.302010820553062
32L2,053024,25,Grating,2.153742339716563
32L2,053024,25,Plaid Pref/Null,2.302010820553062
32L2,053024,26,Preferred,3.0393753437900086
32L2,053024,26,Null,2.457260993763012
32L2,053024,26,Plaid,2.0961599185842936
32L2,053024,26,Grating,2.8198417485056035
32L2,053024,26,Plaid Pref/Null,2.0961599185842936
32L2,053024,27,Preferred,4.095226007735148
32L2,053024,27,Null,2.5764971180310954
32L2,053024,27,Plaid,1.2484705147372672
32L2,053024,27,Grating,3.3389160413661356
32L2,053024,27,Plaid Pref/Null,1.2484705147372672
32L2,053024,28,Preferred,1.9375737846116396
32L2,053024,28,Null,0.9872147617275254
32L2,053024,28,Plaid,0.8899539972840976
32L2,053024,28,Grating,1.173520265990642
32L2,053024,28,Plaid Pref/Null,0.8899539972840976
37L,070424,0,Preferred,2.119979592014108
37L,070424,0,Null,2.0172771797584956
37L,070424,0,Plaid,2.285538670536128
37L,070424,0,Grating,1.927161362412569
37L,070424,0,Plaid Pref/Null,2.285538670536128
37L,070424,1,Preferred,2.1991696932244524
37L,070424,1,Null,2.1455981317379544
37L,070424,1,Plaid,1.829424313191283
37L,070424,1,Grating,2.3103683518450744
37L,070424,1,Plaid Pref/Null,1.829424313191283
37L,070424,2,Preferred,2.154503412867829
37L,070424,2,Null,1.3950351064807855
37L,070424,2,Plaid,1.5285532049391162
37L,070424,2,Grating,1.8428784492904045
37L,070424,2,Plaid Pref/Null,1.5285532049391162
37L,070424,3,Preferred,2.3542461221919133
37L,070424,3,Null,1.3641583455460224
37L,070424,3,Plaid,1.2396904793282288
37L,070424,3,Grating,1.696217767373548
37L,070424,3,Plaid Pref/Null,1.2396904793282288
37L,070424,4,Preferred,2.902125046406593
37L,070424,4,Null,0.8860469194998192
37L,070424,4,Plaid,0.7950615963825917
37L,070424,4,Grating,2.090409654044487
37L,070424,4,Plaid Pref/Null,0.7950615963825917
37L,070424,5,Preferred,0.7725502148737425
37L,070424,5,Null,0.5057056094708032
37L,070424,5,Plaid,0.6611625823952282
37L,070424,5,Grating,0.5197333687221923
37L,070424,5,Plaid Pref/Null,0.6611625823952282
37L,070424,6,Preferred,1.421906543149309
37L,070424,6,Null,0.8134426262804451
37L,070424,6,Plaid,0.474828399769103
37L,070424,6,Grating,1.4112523396077834
37L,070424,6,Plaid Pref/Null,0.474828399769103
37L,070424,7,Preferred,2.8096887881419734
37L,070424,7,Null,2.3237736700529927
37L,070424,7,Plaid,2.259688380637247
37L,070424,7,Grating,2.600142982495739
37L,070424,7,Plaid Pref/Null,2.259688380637247
37L,070424,8,Preferred,1.251032139967324
37L,070424,8,Null,0.9116471458787158
37L,070424,8,Plaid,1.0681131727144284
37L,070424,8,Grating,0.9435214710751261
37L,070424,8,Plaid Pref/Null,1.0681131727144284
37L,070424,9,Preferred,1.407751930191511
37L,070424,9,Null,1.062452404096245
37L,070424,9,Plaid,1.1314603568790942
37L,070424,9,Grating,1.1843116434206575
37L,070424,9,Plaid Pref/Null,1.1314603568790942
37L,070424,10,Preferred,0.7790723975781003
37L,070424,10,Null,0.3721755932571349
37L,070424,10,Plaid,0.4061377812609417
37L,070424,10,Grating,0.4349658351513279
37L,070424,10,Plaid Pref/Null,0.4061377812609417
37L,070424,11,Preferred,1.7477489477244124
37L,070424,11,Null,1.1294024768188304
37L,070424,11,Plaid,1.6124768604114363
37L,070424,11,Grating,1.0671053432965876
37L,070424,11,Plaid Pref/Null,1.6124768604114363
37L,070424,12,Preferred,1.2739099552952036
37L,070424,12,Null,0.6727555927966187
37L,070424,12,Plaid,0.6970978017747906
37L,070424,12,Grating,1.0779338866526762
37L,070424,12,Plaid Pref/Null,0.6970978017747906
37L,070424,13,Preferred,3.6408403275012216
37L,070424,13,Null,3.2853574622648134
37L,070424,13,Plaid,3.834132053448395
37L,070424,13,Grating,3.0881150746063484
37L,070424,13,Plaid Pref/Null,3.834132053448395
37L,070424,14,Preferred,0.3381079602767963
37L,070424,14,Null,0.38815658214792825
37L,070424,14,Plaid,0.3436896111554865
37L,070424,14,Grating,0.40263356167026704
37L,070424,14,Plaid Pref/Null,0.3436896111554865
37L,070424,15,Preferred,1.6395552849406756
37L,070424,15,Null,0.6822062496749797
37L,070424,15,Plaid,0.4638642309196387
37L,070424,15,Grating,0.9467054782149292
37L,070424,15,Plaid Pref/Null,0.4638642309196387
37L,070424,16,Preferred,0.17781365439245495
37L,070424,16,Null,0.21112295392227062
37L,070424,16,Plaid,0.22059673742333252
37L,070424,16,Grating,0.20272356996604102
37L,070424,16,Plaid Pref/Null,0.22059673742333252
37L,070424,17,Preferred,3.5730065125669825
37L,070424,17,Null,1.7863675547375553
37L,070424,17,Plaid,2.505475435046125
37L,070424,17,Grating,2.2213049032024306
37L,070424,17,Plaid Pref/Null,2.505475435046125
37L,070424,18,Preferred,3.6364202428372945
37L,070424,18,Null,1.4578272220158626
37L,070424,18,Plaid,0.8759082805133475
37L,070424,18,Grating,2.27402172325893
37L,070424,18,Plaid Pref/Null,0.8759082805133475
37L,070424,19,Preferred,1.3808097035210591
37L,070424,19,Null,1.2125625701959064
37L,070424,19,Plaid,1.1084587416597227
37L,070424,19,Grating,1.2931056831355925
37L,070424,19,Plaid Pref/Null,1.1084587416597227
37L,070424,20,Preferred,1.9312709162127748
37L,070424,20,Null,0.9138475234010782
37L,070424,20,Plaid,1.5315484745898948
37L,070424,20,Grating,0.8399351982033929
37L,070424,20,Plaid Pref/Null,1.5315484745898948
37L,070424,21,Preferred,2.821266292944726
37L,070424,21,Null,1.565620340502332
37L,070424,21,Plaid,1.0735425043229778
37L,070424,21,Grating,2.0502376888407365
37L,070424,21,Plaid Pref/Null,1.0735425043229778
37L,070424,22,Preferred,1.4191887110587438
37L,070424,22,Null,1.0462868916414532
37L,070424,22,Plaid,1.3365073020331848
37L,070424,22,Grating,1.0227156586279738
37L,070424,22,Plaid Pref/Null,1.3365073020331848
37L,070424,23,Preferred,0.40364074767975155
37L,070424,23,Null,0.3076288171080428
37L,070424,23,Plaid,0.3304703356531206
37L,070424,23,Grating,0.3206657396053009
37L,070424,23,Plaid Pref/Null,0.3304703356531206
37L,070424,24,Preferred,1.1326386505874062
37L,070424,24,Null,0.3432409235448116
37L,070424,24,Plaid,0.41450516890917144
37L,070424,24,Grating,0.7878362492549162
37L,070424,24,Plaid Pref/Null,0.41450516890917144
37L,070424,25,Preferred,2.325716909786829
37L,070424,25,Null,1.2369880070930563
37L,070424,25,Plaid,0.7019282075640462
37L,070424,25,Grating,2.169343298207949
37L,070424,25,Plaid Pref/Null,0.7019282075640462
37L,070424,26,Preferred,2.2860080643718885
37L,070424,26,Null,1.7763989058601604
37L,070424,26,Plaid,1.5607587106811505
37L,070424,26,Grating,1.9395295577235039
37L,070424,26,Plaid Pref/Null,1.5607587106811505
37L,070424,27,Preferred,3.013951109200355
37L,070424,27,Null,1.1983387951506106
37L,070424,27,Plaid,0.5412583553914176
37L,070424,27,Grating,2.290058491304243
37L,070424,27,Plaid Pref/Null,0.5412583553914176
37L,070424,28,Preferred,0.8886022640107399
37L,070424,28,Null,0.5253987641824823
37L,070424,28,Plaid,0.47253295954835256
37L,070424,28,Grating,0.61308741814361
37L,070424,28,Plaid Pref/Null,0.47253295954835256
37L,070424,29,Preferred,0.4186697024968748
37L,070424,29,Null,0.2840386746311164
37L,070424,29,Plaid,0.2677299969877911
37L,070424,29,Grating,0.3122493719397
37L,070424,29,Plaid Pref/Null,0.2677299969877911
37L,070424,30,Preferred,0.7188409075459472
37L,070424,30,Null,0.5671471673314359
37L,070424,30,Plaid,0.4572999649168279
37L,070424,30,Grating,0.6482642369807864
37L,070424,30,Plaid Pref/Null,0.4572999649168279
37L,070424,31,Preferred,1.0210572174532093
37L,070424,31,Null,0.5556859778510987
37L,070424,31,Plaid,0.8246480851476238
37L,070424,31,Grating,0.5521927852552974
37L,070424,31,Plaid Pref/Null,0.8246480851476238
37L,070424,32,Preferred,0.724113508916227
37L,070424,32,Null,0.4246016265085299
37L,070424,32,Plaid,0.5588135775182062
37L,070424,32,Grating,0.43120865505626893
37L,070424,32,Plaid Pref/Null,0.5588135775182062
37L,070424,33,Preferred,0.5145193058356592
37L,070424,33,Null,0.21130728601178786
37L,070424,33,Plaid,0.20338748949052016
37L,070424,33,Grating,0.3089343318918606
37L,070424,33,Plaid Pref/Null,0.20338748949052016
37L,070424,34,Preferred,0.8131769905760686
37L,070424,34,Null,0.42110090085768787
37L,070424,34,Plaid,0.3431440913574973
37L,070424,34,Grating,0.6014282850484877
37L,070424,34,Plaid Pref/Null,0.3431440913574973
37L,070424,35,Preferred,0.5390534724888988
37L,070424,35,Null,0.449653097780049
37L,070424,35,Plaid,0.4006422520356716
37L,070424,35,Grating,0.49209381246696776
37L,070424,35,Plaid Pref/Null,0.4006422520356716
37L,070424,36,Preferred,0.34283056277267787
37L,070424,36,Null,0.2938971344114702
37L,070424,36,Plaid,0.28385279936866875
37L,070424,36,Grating,0.3077286826670113
37L,070424,36,Plaid Pref/Null,0.28385279936866875
37L,070424,37,Preferred,0.2224431667132502
37L,070424,37,Null,0.18398951587368179
37L,070424,37,Plaid,0.1842597655061801
37L,070424,37,Grating,0.1965834561942255
37L,070424,37,Plaid Pref/Null,0.1842597655061801
37L,070424,38,Preferred,1.200160891684448
37L,070424,38,Null,1.173443567911495
37L,070424,38,Plaid,1.3305339989607494
37L,070424,38,Grating,1.097803028027997
37L,070424,38,Plaid Pref/Null,1.3305339989607494
37L,070424,39,Preferred,1.3830976684313558
37L,070424,39,Null,1.2097700044006239
37L,070424,39,Plaid,0.8160297458210326
37L,070424,39,Grating,1.3782257898201549
37L,070424,39,Plaid Pref/Null,0.8160297458210326
37L,070424,40,Preferred,1.2123393373319775
37L,070424,40,Null,0.6143233146025793
37L,070424,40,Plaid,0.6371074651866844
37L,070424,40,Grating,0.8047475888295971
37L,070424,40,Plaid Pref/Null,0.6371074651866844
37L,070424,41,Preferred,0.8863810913707828
37L,070424,41,Null,1.0827486137467532
37L,070424,41,Plaid,0.6374266883672886
37L,070424,41,Grating,1.1870995989235211
37L,070424,41,Plaid Pref/Null,0.6374266883672886
37L,070424,42,Preferred,2.0634720246375204
37L,070424,42,Null,0.7962832227197999
37L,070424,42,Plaid,0.7310676473552907
37L,070424,42,Grating,1.042608811805331
37L,070424,42,Plaid Pref/Null,0.7310676473552907
37L,070424,43,Preferred,2.1141002323184783
37L,070424,43,Null,1.4204729547913184
37L,070424,43,Plaid,1.706604606103017
37L,070424,43,Grating,1.504385307170914
37L,070424,43,Plaid Pref/Null,1.706604606103017
37L,070424,44,Preferred,3.8490728267054037
37L,070424,44,Null,1.1201762282753576
37L,070424,44,Plaid,0.2987615428902379
37L,070424,44,Grating,2.0418294290815755
37L,070424,44,Plaid Pref/Null,0.2987615428902379
37L,070424,45,Preferred,1.5692589956937966
37L,070424,45,Null,0.5823707175170596
37L,070424,45,Plaid,0.56306129992381
37L,070424,45,Grating,0.9487972820802383
37L,070424,45,Plaid Pref/Null,0.56306129992381
37L,070424,46,Preferred,1.6750998398783024
37L,070424,46,Null,1.0408555755994169
37L,070424,46,Plaid,1.5883013436303446
37L,070424,46,Grating,1.2067927848631304
37L,070424,46,Plaid Pref/Null,1.5883013436303446
37L,070424,47,Preferred,1.9473826096708544
37L,070424,47,Null,0.7992769286430574
37L,070424,47,Plaid,0.7546666820492763
37L,070424,47,Grating,1.105087906717141
37L,070424,47,Plaid Pref/Null,0.7546666820492763
37L,070424,48,Preferred,1.3392932716808281
37L,070424,48,Null,0.48419890777817504
37L,070424,48,Plaid,0.892386924921721
37L,070424,48,Grating,0.5615586917870596
37L,070424,48,Plaid Pref/Null,0.892386924921721
37L,070424,49,Preferred,0.5985576304285706
37L,070424,49,Null,0.5066809811768732
37L,070424,49,Plaid,0.4068630327010018
37L,070424,49,Grating,0.5853976168023246
37L,070424,49,Plaid Pref/Null,0.4068630327010018
37L,070424,50,Preferred,1.6852710944911287
37L,070424,50,Null,0.4919336927847228
37L,070424,50,Plaid,1.4068716413849987
37L,070424,50,Grating,0.604144094342743
37L,070424,50,Plaid Pref/Null,1.4068716413849987
37L,070424,51,Preferred,0.568196049527167
37L,070424,51,Null,0.43019866760236575
37L,070424,51,Plaid,0.45478973654474797
37L,070424,51,Grating,0.4651464779601307
37L,070424,51,Plaid Pref/Null,0.45478973654474797
37L,070424,52,Preferred,0.9703443163232005
37L,070424,52,Null,0.5047448038185713
37L,070424,52,Plaid,0.2742990560477277
37L,070424,52,Grating,0.8173472305007905
37L,070424,52,Plaid Pref/Null,0.2742990560477277
37L,070424,53,Preferred,0.9212703565746979
37L,070424,53,Null,0.916699968575402
37L,070424,53,Plaid,0.797943047059734
37L,070424,53,Grating,0.9672627202506977
37L,070424,53,Plaid Pref/Null,0.797943047059734
37L,070424,54,Preferred,0.6862920922730862
37L,070424,54,Null,0.287624145405414
37L,070424,54,Plaid,0.3643200671700403
37L,070424,54,Grating,0.4013403574653111
37L,070424,54,Plaid Pref/Null,0.3643200671700403
37L,070424,55,Preferred,0.9169328964904987
37L,070424,55,Null,0.6462801950968496
37L,070424,55,Plaid,0.8772198872116675
37L,070424,55,Grating,0.5743771511311945
37L,070424,55,Plaid Pref/Null,0.8772198872116675
37L,070424,56,Preferred,0.43356017497046917
37L,070424,56,Null,0.40334306178010276
37L,070424,56,Plaid,0.4070614250899063
37L,070424,56,Grating,0.40945072593194193
37L,070424,56,Plaid Pref/Null,0.4070614250899063
37L,070524,0,Preferred,4.468538800765924
37L,070524,0,Null,6.290471321842786
37L,070524,0,Plaid,4.6283704972163955
37L,070524,0,Grating,6.548644396684398
37L,070524,0,Plaid Pref/Null,4.6283704972163955
37L,070524,1,Preferred,3.7473580783520464
37L,070524,1,Null,3.526239212176422
37L,070524,1,Plaid,2.6081500528591812
37L,070524,1,Grating,3.7516061414875694
37L,070524,1,Plaid Pref/Null,2.6081500528591812
37L,070524,2,Preferred,3.748214256309494
37L,070524,2,Null,2.809271048388545
37L,070524,2,Plaid,2.8233290726367004
37L,070524,2,Grating,3.1661500549794352
37L,070524,2,Plaid Pref/Null,2.8233290726367004
37L,070524,3,Preferred,2.321106927332671
37L,070524,3,Null,1.931163403728822
37L,070524,3,Plaid,2.52892820191784
37L,070524,3,Grating,1.674384660779942
37L,070524,3,Plaid Pref/Null,2.52892820191784
37L,070524,4,Preferred,1.3987239039302537
37L,070524,4,Null,1.3171091740458996
37L,070524,4,Plaid,0.6431221397746542
37L,070524,4,Grating,2.5439869804130777
37L,070524,4,Plaid Pref/Null,0.6431221397746542
37L,070524,5,Preferred,1.3275731940672373
37L,070524,5,Null,1.2052301279791136
37L,070524,5,Plaid,1.1501809796703533
37L,070524,5,Grating,1.4119923458048225
37L,070524,5,Plaid Pref/Null,1.1501809796703533
37L,070524,6,Preferred,1.5554914595124765
37L,070524,6,Null,0.5493485224623249
37L,070524,6,Plaid,0.7769477833418957
37L,070524,6,Grating,0.8238368918514704
37L,070524,6,Plaid Pref/Null,0.7769477833418957
37L,070524,7,Preferred,2.435388911761566
37L,070524,7,Null,0.8265863822995322
37L,070524,7,Plaid,0.8369291314190552
37L,070524,7,Grating,1.8149369469432945
37L,070524,7,Plaid Pref/Null,0.8369291314190552
37L,070524,8,Preferred,1.2278018813335827
37L,070524,8,Null,0.8566022660330317
37L,070524,8,Plaid,1.1316654888334843
37L,070524,8,Grating,0.7686298246249662
37L,070524,8,Plaid Pref/Null,1.1316654888334843
37L,070524,9,Preferred,0.7218670120399621
37L,070524,9,Null,0.512579661431874
37L,070524,9,Plaid,0.6895595942833846
37L,070524,9,Grating,0.47688676377002176
37L,070524,9,Plaid Pref/Null,0.6895595942833846
37L,070524,10,Preferred,0.9178355400398238
37L,070524,10,Null,0.573644677211964
37L,070524,10,Plaid,0.851031863562116
37L,070524,10,Grating,0.5233688256012428
37L,070524,10,Plaid Pref/Null,0.851031863562116
37L,070524,11,Preferred,3.7915304194840553
37L,070524,11,Null,1.1592777246546662
37L,070524,11,Plaid,1.144012570096795
37L,070524,11,Grating,2.5791892591852723
37L,070524,11,Plaid Pref/Null,1.144012570096795
37L,070524,12,Preferred,2.282535927792841
37L,070524,12,Null,0.6215747548044258
37L,070524,12,Plaid,0.6463209773211868
37L,070524,12,Grating,1.7446647507614246
37L,070524,12,Plaid Pref/Null,0.6463209773211868
37L,070524,13,Preferred,0.6766798925942823
37L,070524,13,Null,0.47333841806306604
37L,070524,13,Plaid,0.7140449108878011
37L,070524,13,Grating,0.4072374748288952
37L,070524,13,Plaid Pref/Null,0.7140449108878011
37L,070524,14,Preferred,1.078600731167131
37L,070524,14,Null,0.63227450796077
37L,070524,14,Plaid,0.8361669137104891
37L,070524,14,Grating,0.6458700462035669
37L,070524,14,Plaid Pref/Null,0.8361669137104891
37L,070524,15,Preferred,0.27848109699174695
37L,070524,15,Null,0.3034205391619231
37L,070524,15,Plaid,0.30168631687571323
37L,070524,15,Grating,0.2953284608350967
37L,070524,15,Plaid Pref/Null,0.30168631687571323
37L,070524,16,Preferred,0.6368595873582759
37L,070524,16,Null,0.27223231367898226
37L,070524,16,Plaid,0.17113854932402742
37L,070524,16,Grating,0.42682897088739274
37L,070524,16,Plaid Pref/Null,0.17113854932402742
37L,070524,17,Preferred,0.8693923716789267
37L,070524,17,Null,0.7986309698585476
37L,070524,17,Plaid,1.000561334804363
37L,070524,17,Grating,0.6974512399239188
37L,070524,17,Plaid Pref/Null,1.000561334804363
37L,070524,18,Preferred,1.3391511891454861
37L,070524,18,Null,0.8338891867352066
37L,070524,18,Plaid,0.7021884001790263
37L,070524,18,Grating,1.2439040151114131
37L,070524,18,Plaid Pref/Null,0.7021884001790263
37L,070524,19,Preferred,1.234343858668283
37L,070524,19,Null,0.3820807156187602
37L,070524,19,Plaid,0.5549858746632246
37L,070524,19,Grating,0.8732063538606509
37L,070524,19,Plaid Pref/Null,0.5549858746632246
37L,070524,20,Preferred,0.6327929231461699
37L,070524,20,Null,0.45948644429848273
37L,070524,20,Plaid,0.5469296714020965
37L,070524,20,Grating,0.4548826588472775
37L,070524,20,Plaid Pref/Null,0.5469296714020965
37L,070524,21,Preferred,0.7656425128669513
37L,070524,21,Null,0.5905330334930872
37L,070524,21,Plaid,0.596406183124245
37L,070524,21,Grating,0.6549346106416852
37L,070524,21,Plaid Pref/Null,0.596406183124245
37L,070524,22,Preferred,0.972777346102647
37L,070524,22,Null,0.6539130653777538
37L,070524,22,Plaid,0.5585541675879195
37L,070524,22,Grating,0.786613863262497
37L,070524,22,Plaid Pref/Null,0.5585541675879195
37L,070524,23,Preferred,0.5815548393215283
37L,070524,23,Null,0.376617840570911
37L,070524,23,Plaid,0.3466958213495309
37L,070524,23,Grating,0.4293245249582314
37L,070524,23,Plaid Pref/Null,0.3466958213495309
37L,070524,24,Preferred,1.8729659186793963
37L,070524,24,Null,0.7973424620604658
37L,070524,24,Plaid,0.8142165003833531
37L,070524,24,Grating,1.2027366517095992
37L,070524,24,Plaid Pref/Null,0.8142165003833531
37L,070524,25,Preferred,0.8623243045452234
37L,070524,25,Null,0.4503326309542703
37L,070524,25,Plaid,0.36971830555413643
37L,070524,25,Grating,0.588494608773371
37L,070524,25,Plaid Pref/Null,0.36971830555413643
37L,070524,26,Preferred,1.0093424848687433
37L,070524,26,Null,0.7289553421720927
37L,070524,26,Plaid,0.5777382457801217
37L,070524,26,Grating,0.8652221701239832
37L,070524,26,Plaid Pref/Null,0.5777382457801217
37L,070524,27,Preferred,0.45933089469865185
37L,070524,27,Null,0.3180876516031799
37L,070524,27,Plaid,0.3962249811485997
37L,070524,27,Grating,0.3166684507685505
37L,070524,27,Plaid Pref/Null,0.3962249811485997
37L,070524,28,Preferred,1.2990460679930884
37L,070524,28,Null,0.9598876201049515
37L,070524,28,Plaid,0.9687662232953911
37L,070524,28,Grating,1.074910008728631
37L,070524,28,Plaid Pref/Null,0.9687662232953911
37L,070524,29,Preferred,0.41637665725922757
37L,070524,29,Null,0.3163422214443439
37L,070524,29,Plaid,0.2946818730584679
37L,070524,29,Grating,0.36452861773136
37L,070524,29,Plaid Pref/Null,0.2946818730584679
37L,070524,30,Preferred,1.0260247972373646
37L,070524,30,Null,0.34039592179261596
37L,070524,30,Plaid,0.37093829214093843
37L,070524,30,Grating,0.5693306377313211
37L,070524,30,Plaid Pref/Null,0.37093829214093843
37L,070524,31,Preferred,0.6470670727212464
37L,070524,31,Null,0.6047497840714268
37L,070524,31,Plaid,0.6132260360346897
37L,070524,31,Grating,0.34815920228378333
37L,070524,31,Plaid Pref/Null,0.6132260360346897
37L,070524,32,Preferred,0.2886196896657894
37L,070524,32,Null,0.25228436071960875
37L,070524,32,Plaid,0.2510574493769056
37L,070524,32,Grating,0.2583104079636918
37L,070524,32,Plaid Pref/Null,0.2510574493769056
37L,070524,33,Preferred,0.41588773193236717
37L,070524,33,Null,0.2759163881278555
37L,070524,33,Plaid,0.40430995657665536
37L,070524,33,Grating,0.23991708436599532
37L,070524,33,Plaid Pref/Null,0.40430995657665536
37L2,070924,0,Preferred,0.27255454251249683
37L2,070924,0,Null,0.2684149876885998
37L2,070924,0,Plaid,0.2680999697104749
37L2,070924,0,Grating,0.2704041223362629
37L2,070924,0,Plaid Pref/Null,0.2680999697104749
37L2,070924,1,Preferred,0.7440571777277734
37L2,070924,1,Null,5.567190564687836
37L2,070924,1,Plaid,2.8973157111281544
37L2,070924,1,Grating,6.482703870795267
37L2,070924,1,Plaid Pref/Null,2.8973157111281544
37L2,070924,2,Preferred,6.537760109653
37L2,070924,2,Null,4.615008692599619
37L2,070924,2,Plaid,4.981092113802647
37L2,070924,2,Grating,5.066378256972098
37L2,070924,2,Plaid Pref/Null,4.981092113802647
37L2,070924,3,Preferred,5.662002343712488
37L2,070924,3,Null,4.283840592971337
37L2,070924,3,Plaid,3.5660695150683197
37L2,070924,3,Grating,4.868594147926488
37L2,070924,3,Plaid Pref/Null,3.5660695150683197
37L2,070924,4,Preferred,3.54274150510293
37L2,070924,4,Null,2.3941754112587246
37L2,070924,4,Plaid,2.748054561202091
37L2,070924,4,Grating,2.41466709735593
37L2,070924,4,Plaid Pref/Null,2.748054561202091
37L2,070924,5,Preferred,2.396093219504491
37L2,070924,5,Null,1.3454550146972455
37L2,070924,5,Plaid,1.778401293304483
37L2,070924,5,Grating,1.4948933202630774
37L2,070924,5,Plaid Pref/Null,1.778401293304483
37L2,070924,6,Preferred,0.24576373766209675
37L2,070924,6,Null,0.21371906208075792
37L2,070924,6,Plaid,0.2265830326722343
37L2,070924,6,Grating,0.21908332507014355
37L2,070924,6,Plaid Pref/Null,0.2265830326722343
37L2,070924,7,Preferred,2.6586076216842045
37L2,070924,7,Null,1.6032518001375027
37L2,070924,7,Plaid,1.7845488369656737
37L2,070924,7,Grating,2.025741547836044
37L2,070924,7,Plaid Pref/Null,1.7845488369656737
37L2,070924,8,Preferred,0.2528757730843147
37L2,070924,8,Null,0.259845615976375
37L2,070924,8,Plaid,0.2690559242742265
37L2,070924,8,Grating,0.2560459870031745
37L2,070924,8,Plaid Pref/Null,0.2690559242742265
37L2,070924,9,Preferred,0.8530984425925222
37L2,070924,9,Null,0.8032647533956937
37L2,070924,9,Plaid,0.8719984143161065
37L2,070924,9,Grating,0.7879738721077996
37L2,070924,9,Plaid Pref/Null,0.8719984143161065
37L2,070924,10,Preferred,1.0747872977056971
37L2,070924,10,Null,0.8457808619814623
37L2,070924,10,Plaid,0.733748504953146
37L2,070924,10,Grating,0.9312743266356871
37L2,070924,10,Plaid Pref/Null,0.733748504953146
37L2,070924,11,Preferred,0.2619922438221648
37L2,070924,11,Null,0.22645743332621524
37L2,070924,11,Plaid,0.21566568492118468
37L2,070924,11,Grating,0.23797881793201292
37L2,070924,11,Plaid Pref/Null,0.21566568492118468
37L2,070924,12,Preferred,2.265017518524691
37L2,070924,12,Null,2.0461074350236634
37L2,070924,12,Plaid,1.408054031660824
37L2,070924,12,Grating,2.398952069838122
37L2,070924,12,Plaid Pref/Null,1.408054031660824
37L2,070924,13,Preferred,0.48418893773508637
37L2,070924,13,Null,0.48860251596220683
37L2,070924,13,Plaid,0.3853545413819171
37L2,070924,13,Grating,0.5285839315832658
37L2,070924,13,Plaid Pref/Null,0.3853545413819171
37L2,070924,14,Preferred,0.5594783445808119
37L2,070924,14,Null,0.8906421678840711
37L2,070924,14,Plaid,0.39443638270648096
37L2,070924,14,Grating,1.011875141906588
37L2,070924,14,Plaid Pref/Null,0.39443638270648096
37L2,070924,15,Preferred,1.010931698311384
37L2,070924,15,Null,0.5612214064511507
37L2,070924,15,Plaid,0.5288277929263768
37L2,070924,15,Grating,0.6395325795490685
37L2,070924,15,Plaid Pref/Null,0.5288277929263768
37L2,070924,16,Preferred,2.0311143418186837
37L2,070924,16,Null,1.124727100297809
37L2,070924,16,Plaid,0.7930320215009455
37L2,070924,16,Grating,1.6182706281404653
37L2,070924,16,Plaid Pref/Null,0.7930320215009455
37L2,070924,17,Preferred,2.276441887773312
37L2,070924,17,Null,1.5287050394765787
37L2,070924,17,Plaid,2.9611716822647827
37L2,070924,17,Grating,1.5590369273433151
37L2,070924,17,Plaid Pref/Null,2.9611716822647827
37L2,070924,18,Preferred,0.2388201305988468
37L2,070924,18,Null,0.16813558492833103
37L2,070924,18,Plaid,0.17035919024536064
37L2,070924,18,Grating,0.17736241862159505
37L2,070924,18,Plaid Pref/Null,0.17035919024536064
37L2,070924,19,Preferred,0.27396494166452223
37L2,070924,19,Null,0.2365930293493518
37L2,070924,19,Plaid,0.24943689873462596
37L2,070924,19,Grating,0.23549042687111088
37L2,070924,19,Plaid Pref/Null,0.24943689873462596
37L2,070924,20,Preferred,1.409323557234451
37L2,070924,20,Null,1.353188711887303
37L2,070924,20,Plaid,1.308802540581007
37L2,070924,20,Grating,1.3865868856927788
37L2,070924,20,Plaid Pref/Null,1.308802540581007
37L2,070924,21,Preferred,0.2499887043835374
37L2,070924,21,Null,0.21823278223220915
37L2,070924,21,Plaid,0.19416496531510155
37L2,070924,21,Grating,0.23736077093513233
37L2,070924,21,Plaid Pref/Null,0.19416496531510155
37L2,070924,22,Preferred,0.4955069452668182
37L2,070924,22,Null,0.415795218714374
37L2,070924,22,Plaid,0.43645573010727745
37L2,070924,22,Grating,0.4243720723861965
37L2,070924,22,Plaid Pref/Null,0.43645573010727745
37L2,070924,23,Preferred,2.0343108167077495
37L2,070924,23,Null,1.3595368244707626
37L2,070924,23,Plaid,1.2475571971885566
37L2,070924,23,Grating,1.6622712399955166
37L2,070924,23,Plaid Pref/Null,1.2475571971885566
37L2,070924,24,Preferred,0.2703194917623924
37L2,070924,24,Null,0.27111214269319733
37L2,070924,24,Plaid,0.3640845603956066
37L2,070924,24,Grating,0.2244213803876239
37L2,070924,24,Plaid Pref/Null,0.3640845603956066
37L2,070924,25,Preferred,0.32824832344045046
37L2,070924,25,Null,0.296601690029298
37L2,070924,25,Plaid,0.295139324921342
37L2,070924,25,Grating,0.30175050569701684
37L2,070924,25,Plaid Pref/Null,0.295139324921342
37L2,070924,26,Preferred,0.2545576857289382
37L2,070924,26,Null,0.24328706553027993
37L2,070924,26,Plaid,0.24510422711128024
37L2,070924,26,Grating,0.2444658310733528
37L2,070924,26,Plaid Pref/Null,0.24510422711128024
37L2,070924,27,Preferred,0.5283142977406269
37L2,070924,27,Null,0.4070448811788145
37L2,070924,27,Plaid,0.43917693118263473
37L2,070924,27,Grating,0.4101157741282551
37L2,070924,27,Plaid Pref/Null,0.43917693118263473
37L2,070924,28,Preferred,0.28556588970804636
37L2,070924,28,Null,0.2689507286869261
37L2,070924,28,Plaid,0.31414644044729456
37L2,070924,28,Grating,0.23767280834750928
37L2,070924,28,Plaid Pref/Null,0.31414644044729456
37L2,070924,29,Preferred,0.9594924671450618
37L2,070924,29,Null,0.42221328641588474
37L2,070924,29,Plaid,0.3684320554938888
37L2,070924,29,Grating,0.6061921685557238
37L2,070924,29,Plaid Pref/Null,0.3684320554938888
37L2,070924,30,Preferred,1.3136218060446156
37L2,070924,30,Null,0.6238860427567435
37L2,070924,30,Plaid,0.45528537605226793
37L2,070924,30,Grating,0.9671924198501692
37L2,070924,30,Plaid Pref/Null,0.45528537605226793
37L2,070924,31,Preferred,0.5123957701675895
37L2,070924,31,Null,0.660524050024606
37L2,070924,31,Plaid,0.44969580816174
37L2,070924,31,Grating,0.7733478782160014
37L2,070924,31,Plaid Pref/Null,0.44969580816174
37L2,070924,32,Preferred,0.24819915461956654
37L2,070924,32,Null,0.1848908788571249
37L2,070924,32,Plaid,0.18611808007589273
37L2,070924,32,Grating,0.19367363610516433
37L2,070924,32,Plaid Pref/Null,0.18611808007589273
37L2,070924,33,Preferred,0.5075390942925813
37L2,070924,33,Null,0.4375691166524856
37L2,070924,33,Plaid,0.4572019081304205
37L2,070924,33,Grating,0.4433181992735024
37L2,070924,33,Plaid Pref/Null,0.4572019081304205
37L2,070924,34,Preferred,0.528084171479738
37L2,070924,34,Null,0.3212335448395702
37L2,070924,34,Plaid,0.2996707427590028
37L2,070924,34,Grating,0.4638906691252398
37L2,070924,34,Plaid Pref/Null,0.2996707427590028
37L2,070924,35,Preferred,0.4619387128439863
37L2,070924,35,Null,0.3616482564785839
37L2,070924,35,Plaid,0.37617017938453257
37L2,070924,35,Grating,0.3697911776134384
37L2,070924,35,Plaid Pref/Null,0.37617017938453257
37L2,070924,36,Preferred,1.7112782944773801
37L2,070924,36,Null,1.355354607649409
37L2,070924,36,Plaid,1.703293844221713
37L2,070924,36,Grating,1.2651959581618915
37L2,070924,36,Plaid Pref/Null,1.703293844221713
37L2,070924,37,Preferred,0.22544337885171917
37L2,070924,37,Null,0.18871335241350587
37L2,070924,37,Plaid,0.18996514178126095
37L2,070924,37,Grating,0.19360795756312535
37L2,070924,37,Plaid Pref/Null,0.18996514178126095
37L2,070924,38,Preferred,2.1058638142039956
37L2,070924,38,Null,1.266248200517688
37L2,070924,38,Plaid,1.3990004175411224
37L2,070924,38,Grating,1.3802053235655671
37L2,070924,38,Plaid Pref/Null,1.3990004175411224
37L2,070924,39,Preferred,1.8588143345286496
37L2,070924,39,Null,0.9475950741969321
37L2,070924,39,Plaid,0.31461524002124447
37L2,070924,39,Grating,1.5673274388976768
37L2,070924,39,Plaid Pref/Null,0.31461524002124447
37L2,070924,40,Preferred,2.005141238901361
37L2,070924,40,Null,0.8760066370708105
37L2,070924,40,Plaid,0.8295375012776166
37L2,070924,40,Grating,1.1213831553499112
37L2,070924,40,Plaid Pref/Null,0.8295375012776166
37L2,070924,41,Preferred,0.3410581912074125
37L2,070924,41,Null,0.2244313139425858
37L2,070924,41,Plaid,0.22835422256208968
37L2,070924,41,Grating,0.25016151368505835
37L2,070924,41,Plaid Pref/Null,0.22835422256208968
37L2,070924,42,Preferred,0.9478259931122024
37L2,070924,42,Null,0.5893298383936251
37L2,070924,42,Plaid,0.6302580101469025
37L2,070924,42,Grating,0.6364085969191018
37L2,070924,42,Plaid Pref/Null,0.6302580101469025
37L2,070924,43,Preferred,0.5386272297478172
37L2,070924,43,Null,0.4728361183617529
37L2,070924,43,Plaid,0.42225465759915926
37L2,070924,43,Grating,0.5051510149356713
37L2,070924,43,Plaid Pref/Null,0.42225465759915926
37L2,070924,44,Preferred,0.2796108175629456
37L2,070924,44,Null,0.2915228566169053
37L2,070924,44,Plaid,0.28786477842097835
37L2,070924,44,Grating,0.29304233320089135
37L2,070924,44,Plaid Pref/Null,0.28786477842097835
37L2,070924,45,Preferred,0.17023846951154378
37L2,070924,45,Null,0.19484389985366493
37L2,070924,45,Plaid,0.17213455624024687
37L2,070924,45,Grating,0.20325599836719796
37L2,070924,45,Plaid Pref/Null,0.17213455624024687
37L2,070924,46,Preferred,0.3813102942796278
37L2,070924,46,Null,0.287548891186945
37L2,070924,46,Plaid,0.31333465694056106
37L2,070924,46,Grating,0.3008047624036312
37L2,070924,46,Plaid Pref/Null,0.31333465694056106
37L2,070924,47,Preferred,0.48390675114459974
37L2,070924,47,Null,0.34804576687607636
37L2,070924,47,Plaid,0.37230029138467446
37L2,070924,47,Grating,0.37794526864346994
37L2,070924,47,Plaid Pref/Null,0.37230029138467446
37L2,070924,48,Preferred,0.35651843796259947
37L2,070924,48,Null,0.3633723132117043
37L2,070924,48,Plaid,0.34987783172247255
37L2,070924,48,Grating,0.36857103811459263
37L2,070924,48,Plaid Pref/Null,0.34987783172247255
37L2,070924,49,Preferred,0.29558308603999023
37L2,070924,49,Null,0.24845991572353396
37L2,070924,49,Plaid,0.22518516953395795
37L2,070924,49,Grating,0.2664933372575256
37L2,070924,49,Plaid Pref/Null,0.22518516953395795
37L2,070924,50,Preferred,0.13132520824754682
37L2,070924,50,Null,0.20756288778221232
37L2,070924,50,Plaid,0.15412808628653155
37L2,070924,50,Grating,0.22345808165239278
37L2,070924,50,Plaid Pref/Null,0.15412808628653155
37L2,070924,51,Preferred,0.6012215183635488
37L2,070924,51,Null,0.5903943596032433
37L2,070924,51,Plaid,0.3369947244925691
37L2,070924,51,Grating,0.6891331972635123
37L2,070924,51,Plaid Pref/Null,0.3369947244925691
37L2,070924,52,Preferred,1.129354569698717
37L2,070924,52,Null,0.5294339986067228
37L2,070924,52,Plaid,0.6938627510469139
37L2,070924,52,Grating,0.6742836071485236
37L2,070924,52,Plaid Pref/Null,0.6938627510469139
37L2,070924,53,Preferred,0.22304233780139884
37L2,070924,53,Null,0.2588328302691492
37L2,070924,53,Plaid,0.2501835680122725
37L2,070924,53,Grating,0.25946065881177593
37L2,070924,53,Plaid Pref/Null,0.2501835680122725
37L2,070924,54,Preferred,0.5741861924305935
37L2,070924,54,Null,0.505452072290961
37L2,070924,54,Plaid,0.38793602432224916
37L2,070924,54,Grating,0.5808125022083946
37L2,070924,54,Plaid Pref/Null,0.38793602432224916
37L2,070924,55,Preferred,0.28651968779648845
37L2,070924,55,Null,0.1791302790356582
37L2,070924,55,Plaid,0.1781196078508821
37L2,070924,55,Grating,0.19352603255881892
37L2,070924,55,Plaid Pref/Null,0.1781196078508821
37L2,070924,56,Preferred,0.38839474974851135
37L2,070924,56,Null,0.23724348671616544
37L2,070924,56,Plaid,0.2834568276872568
37L2,070924,56,Grating,0.2356145209990779
37L2,070924,56,Plaid Pref/Null,0.2834568276872568
37L2,070924,57,Preferred,0.24425306524421603
37L2,070924,57,Null,0.20432253820831192
37L2,070924,57,Plaid,0.20285500568428755
37L2,070924,57,Grating,0.20937699608614568
37L2,070924,57,Plaid Pref/Null,0.20285500568428755
37L2,070924,58,Preferred,0.870396840290711
37L2,070924,58,Null,0.31080166805294485
37L2,070924,58,Plaid,0.32108736758277473
37L2,070924,58,Grating,0.4764521791741104
37L2,070924,58,Plaid Pref/Null,0.32108736758277473
37L2,070924,59,Preferred,0.5286287700277661
37L2,070924,59,Null,0.3705508284337002
37L2,070924,59,Plaid,0.27450329653236183
37L2,070924,59,Grating,0.4816490173980117
37L2,070924,59,Plaid Pref/Null,0.27450329653236183
37L2,070924,60,Preferred,0.7214376232777305
37L2,070924,60,Null,0.3602718186547886
37L2,070924,60,Plaid,0.33267138274129276
37L2,070924,60,Grating,0.4831424447078654
37L2,070924,60,Plaid Pref/Null,0.33267138274129276
37L2,070924,61,Preferred,0.634236469227818
37L2,070924,61,Null,0.36949250916273574
37L2,070924,61,Plaid,0.2935717932155304
37L2,070924,61,Grating,0.4701818463527208
37L2,070924,61,Plaid Pref/Null,0.2935717932155304
37L2,070924,62,Preferred,0.24079625684129774
37L2,070924,62,Null,0.2213632259522376
37L2,070924,62,Plaid,0.18689790023139607
37L2,070924,62,Grating,0.2440568071308034
37L2,070924,62,Plaid Pref/Null,0.18689790023139607
37L2,070924,63,Preferred,0.4046866682398264
37L2,070924,63,Null,0.3126504238142408
37L2,070924,63,Plaid,0.33330183419872383
37L2,070924,63,Grating,0.3121397745822594
37L2,070924,63,Plaid Pref/Null,0.33330183419872383
37L2,070924,64,Preferred,0.5481994038255912
37L2,070924,64,Null,0.80754357402009
37L2,070924,64,Plaid,0.37558151661568623
37L2,070924,64,Grating,0.9591894781187864
37L2,070924,64,Plaid Pref/Null,0.37558151661568623
37L2,070924,65,Preferred,0.7345155101489951
37L2,070924,65,Null,0.2660955772168266
37L2,070924,65,Plaid,0.5413162513597456
37L2,070924,65,Grating,0.2899754684529732
37L2,070924,65,Plaid Pref/Null,0.5413162513597456
37L2,071024,0,Preferred,4.485264548207349
37L2,071024,0,Null,5.265590352522569
37L2,071024,0,Plaid,1.2630759455298606
37L2,071024,0,Grating,2.631532942724055
37L2,071024,0,Plaid Pref/Null,1.2630759455298606
37L2,071024,1,Preferred,1.8615344498220343
37L2,071024,1,Null,1.6814615131636326
37L2,071024,1,Plaid,1.5987658057639595
37L2,071024,1,Grating,1.7477736702523659
37L2,071024,1,Plaid Pref/Null,1.5987658057639595
37L2,071024,2,Preferred,0.63293363657006
37L2,071024,2,Null,6.458466517713441
37L2,071024,2,Plaid,4.326934905388061
37L2,071024,2,Grating,7.4728034063633135
37L2,071024,2,Plaid Pref/Null,4.326934905388061
37L2,071024,3,Preferred,9.104947145247557
37L2,071024,3,Null,9.22926285217862
37L2,071024,3,Plaid,9.315977386227003
37L2,071024,3,Grating,9.10731004950217
37L2,071024,3,Plaid Pref/Null,9.315977386227003
37L2,071024,4,Preferred,3.1471675802926122
37L2,071024,4,Null,2.210266695554232
37L2,071024,4,Plaid,2.6728192889524474
37L2,071024,4,Grating,2.287150729702883
37L2,071024,4,Plaid Pref/Null,2.6728192889524474
37L2,071024,5,Preferred,5.736142501967269
37L2,071024,5,Null,5.35068955904259
37L2,071024,5,Plaid,4.765357680150321
37L2,071024,5,Grating,5.6616114537234585
37L2,071024,5,Plaid Pref/Null,4.765357680150321
37L2,071024,6,Preferred,1.8112355919456624
37L2,071024,6,Null,2.897027742058491
37L2,071024,6,Plaid,2.778247087703712
37L2,071024,6,Grating,2.8004074371169922
37L2,071024,6,Plaid Pref/Null,2.778247087703712
37L2,071024,7,Preferred,3.0621188095969902
37L2,071024,7,Null,3.0800159442383332
37L2,071024,7,Plaid,3.7585299720462624
37L2,071024,7,Grating,3.060054748343472
37L2,071024,7,Plaid Pref/Null,3.7585299720462624
37L2,071024,8,Preferred,2.684091089552271
37L2,071024,8,Null,1.9125927810653323
37L2,071024,8,Plaid,2.516549829047017
37L2,071024,8,Grating,1.6836862275073867
37L2,071024,8,Plaid Pref/Null,2.516549829047017
37L2,071024,9,Preferred,2.711674737311946
37L2,071024,9,Null,2.682477075831256
37L2,071024,9,Plaid,2.341696984395957
37L2,071024,9,Grating,2.9322926483985587
37L2,071024,9,Plaid Pref/Null,2.341696984395957
37L2,071024,10,Preferred,4.031673243990498
37L2,071024,10,Null,3.2018201956723256
37L2,071024,10,Plaid,2.2473811618700457
37L2,071024,10,Grating,3.844127208355533
37L2,071024,10,Plaid Pref/Null,2.2473811618700457
37L2,071024,11,Preferred,2.426173158006501
37L2,071024,11,Null,2.007779820086955
37L2,071024,11,Plaid,1.7637390860836846
37L2,071024,11,Grating,2.224432751616415
37L2,071024,11,Plaid Pref/Null,1.7637390860836846
37L2,071024,12,Preferred,0.7268621369460743
37L2,071024,12,Null,0.6799148788531576
37L2,071024,12,Plaid,0.44954699931612807
37L2,071024,12,Grating,0.7768860005537249
37L2,071024,12,Plaid Pref/Null,0.44954699931612807
37L2,071024,13,Preferred,0.2763423404246445
37L2,071024,13,Null,0.27874879409826253
37L2,071024,13,Plaid,0.32404256731345205
37L2,071024,13,Grating,0.2524593055479406
37L2,071024,13,Plaid Pref/Null,0.32404256731345205
37L2,071024,14,Preferred,2.8236582011222557
37L2,071024,14,Null,2.8347050586387232
37L2,071024,14,Plaid,3.093608168407258
37L2,071024,14,Grating,1.4968274351766977
37L2,071024,14,Plaid Pref/Null,3.093608168407258
37L2,071024,15,Preferred,5.68235731745906
37L2,071024,15,Null,4.357109647304836
37L2,071024,15,Plaid,1.5551324234832067
37L2,071024,15,Grating,5.470876323986692
37L2,071024,15,Plaid Pref/Null,1.5551324234832067
37L2,071024,16,Preferred,0.8280030252900497
37L2,071024,16,Null,2.8011107042326766
37L2,071024,16,Plaid,1.3223144076566304
37L2,071024,16,Grating,2.956999925526239
37L2,071024,16,Plaid Pref/Null,1.3223144076566304
37L2,071024,17,Preferred,0.5094393220069595
37L2,071024,17,Null,0.3374408114166236
37L2,071024,17,Plaid,0.24638852515443055
37L2,071024,17,Grating,0.40093751657412136
37L2,071024,17,Plaid Pref/Null,0.24638852515443055
37L2,071024,18,Preferred,1.614613562111344
37L2,071024,18,Null,1.9351751003484357
37L2,071024,18,Plaid,1.7514569241470794
37L2,071024,18,Grating,2.153757383864942
37L2,071024,18,Plaid Pref/Null,1.7514569241470794
37L2,071024,19,Preferred,4.611942630463447
37L2,071024,19,Null,3.121488740377079
37L2,071024,19,Plaid,3.3632086461262034
37L2,071024,19,Grating,3.242794575228679
37L2,071024,19,Plaid Pref/Null,3.3632086461262034
37L2,071024,20,Preferred,0.729726698964006
37L2,071024,20,Null,0.661325873914566
37L2,071024,20,Plaid,0.7111641518710239
37L2,071024,20,Grating,0.6618869632985384
37L2,071024,20,Plaid Pref/Null,0.7111641518710239
37L2,071024,21,Preferred,1.4892520626217731
37L2,071024,21,Null,1.7565958502520633
37L2,071024,21,Plaid,1.8782311816664148
37L2,071024,21,Grating,1.713612627432864
37L2,071024,21,Plaid Pref/Null,1.8782311816664148
37L2,071024,22,Preferred,2.57770173865598
37L2,071024,22,Null,2.153450544400651
37L2,071024,22,Plaid,1.9042764238140755
37L2,071024,22,Grating,2.342550949672717
37L2,071024,22,Plaid Pref/Null,1.9042764238140755
37L2,071024,23,Preferred,1.0077938815777803
37L2,071024,23,Null,0.8150531572272224
37L2,071024,23,Plaid,0.5883903684488785
37L2,071024,23,Grating,0.9338283090022527
37L2,071024,23,Plaid Pref/Null,0.5883903684488785
37L2,071024,24,Preferred,2.7654169582944155
37L2,071024,24,Null,2.225062713816601
37L2,071024,24,Plaid,2.2146291837988934
37L2,071024,24,Grating,2.3058609448906946
37L2,071024,24,Plaid Pref/Null,2.2146291837988934
37L2,071024,25,Preferred,0.517134807315523
37L2,071024,25,Null,0.7271952282445032
37L2,071024,25,Plaid,0.2598042274314849
37L2,071024,25,Grating,0.8676217964860861
37L2,071024,25,Plaid Pref/Null,0.2598042274314849
37L2,071024,26,Preferred,1.6073074522272763
37L2,071024,26,Null,1.0070583280501224
37L2,071024,26,Plaid,0.8273800153360906
37L2,071024,26,Grating,1.1814300509118316
37L2,071024,26,Plaid Pref/Null,0.8273800153360906
37L2,071024,27,Preferred,0.8481970596003369
37L2,071024,27,Null,0.4407310379733033
37L2,071024,27,Plaid,0.37083480329251495
37L2,071024,27,Grating,0.5322711007076948
37L2,071024,27,Plaid Pref/Null,0.37083480329251495
37L2,071024,28,Preferred,0.5358526095192919
37L2,071024,28,Null,0.43615501088920294
37L2,071024,28,Plaid,0.3236557134515485
37L2,071024,28,Grating,0.5166782650799414
37L2,071024,28,Plaid Pref/Null,0.3236557134515485
37L2,071024,29,Preferred,0.421308533314978
37L2,071024,29,Null,0.550590190649653
37L2,071024,29,Plaid,0.5476412299571018
37L2,071024,29,Grating,0.5351272334871594
37L2,071024,29,Plaid Pref/Null,0.5476412299571018
37L2,071024,30,Preferred,5.277542093049534
37L2,071024,30,Null,2.067208978349441
37L2,071024,30,Plaid,2.647371860361874
37L2,071024,30,Grating,2.887258904071625
37L2,071024,30,Plaid Pref/Null,2.647371860361874
37L2,071024,31,Preferred,3.999217296830663
37L2,071024,31,Null,2.821114997380831
37L2,071024,31,Plaid,2.0743774023111956
37L2,071024,31,Grating,3.4568949383598975
37L2,071024,31,Plaid Pref/Null,2.0743774023111956
37L2,071024,32,Preferred,2.7099924201250554
37L2,071024,32,Null,1.6487849744469565
37L2,071024,32,Plaid,1.5653407792677956
37L2,071024,32,Grating,1.9682982292290363
37L2,071024,32,Plaid Pref/Null,1.5653407792677956
37L2,071024,33,Preferred,0.8834060223438273
37L2,071024,33,Null,0.8257219493907142
37L2,071024,33,Plaid,0.4902583319267552
37L2,071024,33,Grating,1.001544169547475
37L2,071024,33,Plaid Pref/Null,0.4902583319267552
37L2,071024,34,Preferred,1.524023457185476
37L2,071024,34,Null,1.3617422801174484
37L2,071024,34,Plaid,1.1076057639498034
37L2,071024,34,Grating,1.5457343091563622
37L2,071024,34,Plaid Pref/Null,1.1076057639498034
37L2,071024,35,Preferred,6.382438176634115
37L2,071024,35,Null,2.458106113874907
37L2,071024,35,Plaid,3.7463203919557597
37L2,071024,35,Grating,3.2635584279964527
37L2,071024,35,Plaid Pref/Null,3.7463203919557597
37L2,071024,36,Preferred,1.2784708317311821
37L2,071024,36,Null,0.9147412638185104
37L2,071024,36,Plaid,0.8114520140229801
37L2,071024,36,Grating,1.0615444313017768
37L2,071024,36,Plaid Pref/Null,0.8114520140229801
37L2,071024,37,Preferred,0.3504823896410671
37L2,071024,37,Null,0.2995556928739268
37L2,071024,37,Plaid,0.28022421506064094
37L2,071024,37,Grating,0.31690617396717097
37L2,071024,37,Plaid Pref/Null,0.28022421506064094
37L2,071024,38,Preferred,2.8771384294423097
37L2,071024,38,Null,1.8462268484189033
37L2,071024,38,Plaid,1.562355476269207
37L2,071024,38,Grating,2.0942996015311084
37L2,071024,38,Plaid Pref/Null,1.562355476269207
37L2,071024,39,Preferred,0.29577555215214774
37L2,071024,39,Null,0.3052813040372755
37L2,071024,39,Plaid,0.29799000602175346
37L2,071024,39,Grating,0.30874943040722486
37L2,071024,39,Plaid Pref/Null,0.29799000602175346
37L2,071024,40,Preferred,0.6694526954336203
37L2,071024,40,Null,0.6129606358399664
37L2,071024,40,Plaid,0.6975562323638961
37L2,071024,40,Grating,0.5851412959248624
37L2,071024,40,Plaid Pref/Null,0.6975562323638961
37L2,071024,41,Preferred,1.2802836901470225
37L2,071024,41,Null,1.3461668774047708
37L2,071024,41,Plaid,1.5451805958439306
37L2,071024,41,Grating,1.2171692745153828
37L2,071024,41,Plaid Pref/Null,1.5451805958439306
37L2,071024,42,Preferred,1.677101117297952
37L2,071024,42,Null,1.360814375848919
37L2,071024,42,Plaid,1.4629225034650295
37L2,071024,42,Grating,1.413906227309472
37L2,071024,42,Plaid Pref/Null,1.4629225034650295
37L2,071024,43,Preferred,1.4376638848535879
37L2,071024,43,Null,0.5002856129033479
37L2,071024,43,Plaid,0.36423722219388704
37L2,071024,43,Grating,0.6814422956234988
37L2,071024,43,Plaid Pref/Null,0.36423722219388704
37L2,071024,44,Preferred,0.38461869178945574
37L2,071024,44,Null,0.3315708338293389
37L2,071024,44,Plaid,0.4140136454145096
37L2,071024,44,Grating,0.3046345711231082
37L2,071024,44,Plaid Pref/Null,0.4140136454145096
37L2,071024,45,Preferred,0.5132674006173549
37L2,071024,45,Null,0.6167688869975771
37L2,071024,45,Plaid,0.4636417259346342
37L2,071024,45,Grating,0.6736049797470327
37L2,071024,45,Plaid Pref/Null,0.4636417259346342
37L2,071024,46,Preferred,0.3250028080110792
37L2,071024,46,Null,0.2908630271994752
37L2,071024,46,Plaid,0.3330155599723245
37L2,071024,46,Grating,0.28069366014540403
37L2,071024,46,Plaid Pref/Null,0.3330155599723245
37L2,071024,47,Preferred,0.3693023582944462
37L2,071024,47,Null,0.3570111645294678
37L2,071024,47,Plaid,0.5069496668814009
37L2,071024,47,Grating,0.2420994063437716
37L2,071024,47,Plaid Pref/Null,0.5069496668814009
37L2,071024,48,Preferred,0.3798275043262858
37L2,071024,48,Null,0.3808855581468702
37L2,071024,48,Plaid,0.38681677503464834
37L2,071024,48,Grating,0.3766442901258159
37L2,071024,48,Plaid Pref/Null,0.38681677503464834
37L2,071024,49,Preferred,1.4320075704606576
37L2,071024,49,Null,0.9754700245065049
37L2,071024,49,Plaid,0.7744888148357232
37L2,071024,49,Grating,1.2568442097982284
37L2,071024,49,Plaid Pref/Null,0.7744888148357232
37L2,071024,50,Preferred,0.24970215618751676
37L2,071024,50,Null,0.23189649646652574
37L2,071024,50,Plaid,0.22256299377713845
37L2,071024,50,Grating,0.2418631708701906
37L2,071024,50,Plaid Pref/Null,0.22256299377713845
37L2,071024,51,Preferred,1.2023152942426918
37L2,071024,51,Null,0.6348074199245106
37L2,071024,51,Plaid,0.595490904015298
37L2,071024,51,Grating,0.8675392828144612
37L2,071024,51,Plaid Pref/Null,0.595490904015298
37L2,071024,52,Preferred,1.2889932893554414
37L2,071024,52,Null,1.5228321143231036
37L2,071024,52,Plaid,1.6243125755734666
37L2,071024,52,Grating,1.4468164700378403
37L2,071024,52,Plaid Pref/Null,1.6243125755734666
37L2,071024,53,Preferred,0.6951760107908393
37L2,071024,53,Null,0.4097536654531267
37L2,071024,53,Plaid,0.5437937670472967
37L2,071024,53,Grating,0.41333601577673307
37L2,071024,53,Plaid Pref/Null,0.5437937670472967
37L2,071024,54,Preferred,0.7590681530923091
37L2,071024,54,Null,0.6478142844661477
37L2,071024,54,Plaid,0.8107554230796845
37L2,071024,54,Grating,0.6057476196438795
37L2,071024,54,Plaid Pref/Null,0.8107554230796845
37L2,071024,55,Preferred,1.5865878571501286
37L2,071024,55,Null,1.5974067980351574
37L2,071024,55,Plaid,1.8207186077203392
37L2,071024,55,Grating,1.1905165610228126
37L2,071024,55,Plaid Pref/Null,1.8207186077203392
37L2,071024,56,Preferred,2.350154113174602
37L2,071024,56,Null,2.2974430718047967
37L2,071024,56,Plaid,2.5698364255931594
37L2,071024,56,Grating,2.1784762609328996
37L2,071024,56,Plaid Pref/Null,2.5698364255931594
37L2,071024,57,Preferred,0.5348253911704282
37L2,071024,57,Null,0.3528352568818137
37L2,071024,57,Plaid,0.31162819509510203
37L2,071024,57,Grating,0.39187751818263195
37L2,071024,57,Plaid Pref/Null,0.31162819509510203
37L2,071024,58,Preferred,0.9207069319665704
37L2,071024,58,Null,0.3855074070317483
37L2,071024,58,Plaid,0.3718771023721839
37L2,071024,58,Grating,0.47331113480305753
37L2,071024,58,Plaid Pref/Null,0.3718771023721839
37L2,071024,59,Preferred,0.5434999429765981
37L2,071024,59,Null,0.3299062291401525
37L2,071024,59,Plaid,0.3355415199397763
37L2,071024,59,Grating,0.395339051402275
37L2,071024,59,Plaid Pref/Null,0.3355415199397763
37L2,071024,60,Preferred,2.0241847941144013
37L2,071024,60,Null,0.6487687750732777
37L2,071024,60,Plaid,0.7400964378916626
37L2,071024,60,Grating,1.0718905215374084
37L2,071024,60,Plaid Pref/Null,0.7400964378916626
37L2,071024,61,Preferred,0.7641437975669007
37L2,071024,61,Null,0.6024175157586132
37L2,071024,61,Plaid,0.6515169212581774
37L2,071024,61,Grating,0.6225926419534739
37L2,071024,61,Plaid Pref/Null,0.6515169212581774
37L2,071024,62,Preferred,0.29365679715076676
37L2,071024,62,Null,0.2985565577053535
37L2,071024,62,Plaid,0.2894443337425493
37L2,071024,62,Grating,0.30276690261261086
37L2,071024,62,Plaid Pref/Null,0.2894443337425493
37L2,071024,63,Preferred,0.658665315633051
37L2,071024,63,Null,0.512521391489189
37L2,071024,63,Plaid,0.5491983398387523
37L2,071024,63,Grating,0.521840576799298
37L2,071024,63,Plaid Pref/Null,0.5491983398387523
37L2,071024,64,Preferred,1.1031782464196382
37L2,071024,64,Null,0.6812484318977827
37L2,071024,64,Plaid,0.5350366572027172
37L2,071024,64,Grating,0.8641103804453186
37L2,071024,64,Plaid Pref/Null,0.5350366572027172
37L2,071024,65,Preferred,0.6376585798032445
37L2,071024,65,Null,0.3877084583172726
37L2,071024,65,Plaid,0.3626771767288002
37L2,071024,65,Grating,0.43360270589258276
37L2,071024,65,Plaid Pref/Null,0.3626771767288002
37L2,071024,66,Preferred,2.027895414922471
37L2,071024,66,Null,1.341258902386253
37L2,071024,66,Plaid,0.7188871992577559
37L2,071024,66,Grating,1.7135285494739212
37L2,071024,66,Plaid Pref/Null,0.7188871992577559
37L2,071024,67,Preferred,1.3485743065524898
37L2,071024,67,Null,0.6166759342305512
37L2,071024,67,Plaid,0.5217225543519238
37L2,071024,67,Grating,0.8505409599003667
37L2,071024,67,Plaid Pref/Null,0.5217225543519238
37L2,071024,68,Preferred,0.5823070575339934
37L2,071024,68,Null,0.6938505925752682
37L2,071024,68,Plaid,0.6993773282762309
37L2,071024,68,Grating,0.6464950719691122
37L2,071024,68,Plaid Pref/Null,0.6993773282762309
37L2,071024,69,Preferred,0.3476556048281049
37L2,071024,69,Null,0.25641684198412423
37L2,071024,69,Plaid,0.23968335277987057
37L2,071024,69,Grating,0.2799504823801927
37L2,071024,69,Plaid Pref/Null,0.23968335277987057
37L2,071024,70,Preferred,1.2187303522183925
37L2,071024,70,Null,1.132187830788896
37L2,071024,70,Plaid,0.7849409117836356
37L2,071024,70,Grating,1.2400597298437237
37L2,071024,70,Plaid Pref/Null,0.7849409117836356
37L2,071024,71,Preferred,0.43378198879155433
37L2,071024,71,Null,0.5018583591189545
37L2,071024,71,Plaid,0.6267092995628323
37L2,071024,71,Grating,0.41778943295629556
37L2,071024,71,Plaid Pref/Null,0.6267092995628323
37L2,071024,72,Preferred,0.40231462169984056
37L2,071024,72,Null,0.2867848815617251
37L2,071024,72,Plaid,0.3700806598452453
37L2,071024,72,Grating,0.2767055090575705
37L2,071024,72,Plaid Pref/Null,0.3700806598452453
37L2,071024,73,Preferred,2.3566211017133223
37L2,071024,73,Null,1.9049884642739496
37L2,071024,73,Plaid,2.1976016752315997
37L2,071024,73,Grating,1.8261975337271459
37L2,071024,73,Plaid Pref/Null,2.1976016752315997
37L2,071024,74,Preferred,0.37391994507707127
37L2,071024,74,Null,0.2578648277344604
37L2,071024,74,Plaid,0.2755883971946607
37L2,071024,74,Grating,0.2664690483079698
37L2,071024,74,Plaid Pref/Null,0.2755883971946607
37L2,071024,75,Preferred,0.569723825441178
37L2,071024,75,Null,0.5962072046184861
37L2,071024,75,Plaid,0.6419508825465986
37L2,071024,75,Grating,0.5674729053242802
37L2,071024,75,Plaid Pref/Null,0.6419508825465986
37L2,071024,76,Preferred,0.4598329822759119
37L2,071024,76,Null,0.5297438608068828
37L2,071024,76,Plaid,0.6852914792886453
37L2,071024,76,Grating,0.4333781476621742
37L2,071024,76,Plaid Pref/Null,0.6852914792886453
37L2,071024,77,Preferred,0.5627002175223498
37L2,071024,77,Null,0.45022205223674294
37L2,071024,77,Plaid,0.6644667412549606
37L2,071024,77,Grating,0.26847076837571693
37L2,071024,77,Plaid Pref/Null,0.6644667412549606
37L2,071024,78,Preferred,0.8101888917922755
37L2,071024,78,Null,0.47871705942133685
37L2,071024,78,Plaid,0.4397831178812797
37L2,071024,78,Grating,0.5486011485272986
37L2,071024,78,Plaid Pref/Null,0.4397831178812797
37L2,071024,79,Preferred,0.5328787960314847
37L2,071024,79,Null,0.37105849917447464
37L2,071024,79,Plaid,0.44461798179643264
37L2,071024,79,Grating,0.38495361609087403
37L2,071024,79,Plaid Pref/Null,0.44461798179643264
37L2,071024,80,Preferred,0.95060014711572
37L2,071024,80,Null,0.7408965047518395
37L2,071024,80,Plaid,0.6273178802412335
37L2,071024,80,Grating,0.8290430373925407
37L2,071024,80,Plaid Pref/Null,0.6273178802412335
37L2,071024,81,Preferred,0.7701364362997604
37L2,071024,81,Null,0.4838095925957074
37L2,071024,81,Plaid,0.3510124873349474
37L2,071024,81,Grating,0.7683296054784263
37L2,071024,81,Plaid Pref/Null,0.3510124873349474
37L2,071024,82,Preferred,0.71951149625195
37L2,071024,82,Null,0.34999856923354944
37L2,071024,82,Plaid,0.3793128856445525
37L2,071024,82,Grating,0.4519561776032544
37L2,071024,82,Plaid Pref/Null,0.3793128856445525
37L2,071024,83,Preferred,0.5042396424041528
37L2,071024,83,Null,0.47385026559929905
37L2,071024,83,Plaid,0.4082069847321821
37L2,071024,83,Grating,0.5157532443687247
37L2,071024,83,Plaid Pref/Null,0.4082069847321821
37L2,071024,84,Preferred,1.7199516829448667
37L2,071024,84,Null,1.220228162393973
37L2,071024,84,Plaid,1.279894177077481
37L2,071024,84,Grating,1.3502130857273726
37L2,071024,84,Plaid Pref/Null,1.279894177077481
37L2,071024,85,Preferred,0.7250489045546654
37L2,071024,85,Null,0.7025571005850758
37L2,071024,85,Plaid,0.6282403123785559
37L2,071024,85,Grating,0.7287497639736078
37L2,071024,85,Plaid Pref/Null,0.6282403123785559
37L2,071024,86,Preferred,0.8050061372322287
37L2,071024,86,Null,0.8778560097554315
37L2,071024,86,Plaid,0.9276111889544647
37L2,071024,86,Grating,0.8409414004893536
37L2,071024,86,Plaid Pref/Null,0.9276111889544647
37L2,071024,87,Preferred,0.29343253760311505
37L2,071024,87,Null,0.22053794372532076
37L2,071024,87,Plaid,0.1973290362380156
37L2,071024,87,Grating,0.24305923675378452
37L2,071024,87,Plaid Pref/Null,0.1973290362380156
37L2,071024,88,Preferred,1.344290356962365
37L2,071024,88,Null,1.0972310800436966
37L2,071024,88,Plaid,1.1456313332382704
37L2,071024,88,Grating,1.1540543820156812
37L2,071024,88,Plaid Pref/Null,1.1456313332382704
37L2,071024,89,Preferred,0.46988628455104586
37L2,071024,89,Null,0.29493352172759635
37L2,071024,89,Plaid,0.3698414177152666
37L2,071024,89,Grating,0.305303964717862
37L2,071024,89,Plaid Pref/Null,0.3698414177152666
37L2,071024,90,Preferred,0.690570180587942
37L2,071024,90,Null,0.5902484878971784
37L2,071024,90,Plaid,0.5333142835381366
37L2,071024,90,Grating,0.6452542797971264
37L2,071024,90,Plaid Pref/Null,0.5333142835381366
37R,070224,0,Preferred,5.998040545872993
37R,070224,0,Null,6.142824653830908
37R,070224,0,Plaid,5.864874411382058
37R,070224,0,Grating,6.153288781680209
37R,070224,0,Plaid Pref/Null,5.864874411382058
37R,070224,1,Preferred,0.7281931930611344
37R,070224,1,Null,0.41476663238201106
37R,070224,1,Plaid,0.38200419742735964
37R,070224,1,Grating,0.5452650818408492
37R,070224,1,Plaid Pref/Null,0.38200419742735964
37R,070224,2,Preferred,7.957856216709912
37R,070224,2,Null,4.904739568024822
37R,070224,2,Plaid,3.004421913112531
37R,070224,2,Grating,6.2941585062567205
37R,070224,2,Plaid Pref/Null,3.004421913112531
37R,070224,3,Preferred,9.346842403549392
37R,070224,3,Null,5.094695435735771
37R,070224,3,Plaid,4.629758066335474
37R,070224,3,Grating,6.202079564003942
37R,070224,3,Plaid Pref/Null,4.629758066335474
37R,070224,4,Preferred,6.242755967643345
37R,070224,4,Null,6.107262212686202
37R,070224,4,Plaid,7.517406561168657
37R,070224,4,Grating,5.455969754313205
37R,070224,4,Plaid Pref/Null,7.517406561168657
37R,070224,5,Preferred,0.7681465399740697
37R,070224,5,Null,0.6357727198161716
37R,070224,5,Plaid,0.7701304494196308
37R,070224,5,Grating,0.5921623419725548
37R,070224,5,Plaid Pref/Null,0.7701304494196308
37R,070224,6,Preferred,7.8679223886923095
37R,070224,6,Null,5.564041691547523
37R,070224,6,Plaid,5.584921424894738
37R,070224,6,Grating,6.500525592767134
37R,070224,6,Plaid Pref/Null,5.584921424894738
37R,070224,7,Preferred,8.451615131528099
37R,070224,7,Null,6.827419511371725
37R,070224,7,Plaid,6.312636134586186
37R,070224,7,Grating,5.261513879220254
37R,070224,7,Plaid Pref/Null,6.312636134586186
37R,070224,8,Preferred,0.4278595246390535
37R,070224,8,Null,0.3529384384103682
37R,070224,8,Plaid,0.4317355316935631
37R,070224,8,Grating,0.34147627762918015
37R,070224,8,Plaid Pref/Null,0.4317355316935631
37R,070224,9,Preferred,6.634479947465485
37R,070224,9,Null,5.6315472958131645
37R,070224,9,Plaid,4.101680074652818
37R,070224,9,Grating,6.804247156502393
37R,070224,9,Plaid Pref/Null,4.101680074652818
37R,070224,10,Preferred,5.396029722363264
37R,070224,10,Null,5.218479627853289
37R,070224,10,Plaid,4.792574860057165
37R,070224,10,Grating,5.607509746615377
37R,070224,10,Plaid Pref/Null,4.792574860057165
37R,070224,11,Preferred,4.634217498777348
37R,070224,11,Null,4.672341265260024
37R,070224,11,Plaid,1.5172938703685996
37R,070224,11,Grating,5.679905484524414
37R,070224,11,Plaid Pref/Null,1.5172938703685996
37R,070224,12,Preferred,5.388230283290874
37R,070224,12,Null,4.08767755911833
37R,070224,12,Plaid,4.258296672891513
37R,070224,12,Grating,3.1030473066415167
37R,070224,12,Plaid Pref/Null,4.258296672891513
37R,070224,13,Preferred,2.2439619793018957
37R,070224,13,Null,2.3338744312882866
37R,070224,13,Plaid,1.218716493810727
37R,070224,13,Grating,2.525320708152796
37R,070224,13,Plaid Pref/Null,1.218716493810727
37R,070224,14,Preferred,5.954789399633555
37R,070224,14,Null,4.561280863177659
37R,070224,14,Plaid,4.755993631086959
37R,070224,14,Grating,7.472624181675431
37R,070224,14,Plaid Pref/Null,4.755993631086959
37R,070224,15,Preferred,4.445060780295008
37R,070224,15,Null,3.2367087091361846
37R,070224,15,Plaid,2.4303547476338423
37R,070224,15,Grating,5.564170099708715
37R,070224,15,Plaid Pref/Null,2.4303547476338423
37R,070224,16,Preferred,1.9526090781723517
37R,070224,16,Null,3.0454111067582117
37R,070224,16,Plaid,2.767487390043561
37R,070224,16,Grating,4.107564960947097
37R,070224,16,Plaid Pref/Null,2.767487390043561
37R,070224,17,Preferred,6.710891820320257
37R,070224,17,Null,6.460784095476755
37R,070224,17,Plaid,5.980934245845248
37R,070224,17,Grating,7.50997956571632
37R,070224,17,Plaid Pref/Null,5.980934245845248
37R,070224,18,Preferred,5.0391069351171796
37R,070224,18,Null,3.5431299541781227
37R,070224,18,Plaid,2.1243371381049045
37R,070224,18,Grating,5.309285726577739
37R,070224,18,Plaid Pref/Null,2.1243371381049045
37R,070224,19,Preferred,6.523784467232268
37R,070224,19,Null,6.531578184771909
37R,070224,19,Plaid,6.627696737610472
37R,070224,19,Grating,6.426701762938327
37R,070224,19,Plaid Pref/Null,6.627696737610472
37R,070224,20,Preferred,5.248448747224263
37R,070224,20,Null,4.031186393799793
37R,070224,20,Plaid,3.7337134037425623
37R,070224,20,Grating,6.0746604687260595
37R,070224,20,Plaid Pref/Null,3.7337134037425623
37R,070224,21,Preferred,3.696446821139267
37R,070224,21,Null,3.4838615974419627
37R,070224,21,Plaid,4.292293955248071
37R,070224,21,Grating,3.164727861583391
37R,070224,21,Plaid Pref/Null,4.292293955248071
37R,070224,22,Preferred,4.837877456492397
37R,070224,22,Null,3.9745572798226942
37R,070224,22,Plaid,2.969722397048576
37R,070224,22,Grating,4.581345550955227
37R,070224,22,Plaid Pref/Null,2.969722397048576
37R,070224,23,Preferred,2.2953096023925554
37R,070224,23,Null,3.528754376541893
37R,070224,23,Plaid,2.9964329728830124
37R,070224,23,Grating,2.717691508823594
37R,070224,23,Plaid Pref/Null,2.9964329728830124
37R,070224,24,Preferred,3.6556127280880477
37R,070224,24,Null,4.199480064917055
37R,070224,24,Plaid,3.4139019541289835
37R,070224,24,Grating,5.631038591451066
37R,070224,24,Plaid Pref/Null,3.4139019541289835
37R,070224,25,Preferred,5.868854286014873
37R,070224,25,Null,4.114070815281811
37R,070224,25,Plaid,4.017234603406688
37R,070224,25,Grating,5.392566558838351
37R,070224,25,Plaid Pref/Null,4.017234603406688
37R,070224,26,Preferred,5.14257546041716
37R,070224,26,Null,3.576552216581392
37R,070224,26,Plaid,2.479851609028881
37R,070224,26,Grating,6.704020992181576
37R,070224,26,Plaid Pref/Null,2.479851609028881
37R,070224,27,Preferred,3.9676197859383673
37R,070224,27,Null,3.198481336593193
37R,070224,27,Plaid,3.959580380708122
37R,070224,27,Grating,3.4394099563230234
37R,070224,27,Plaid Pref/Null,3.959580380708122
37R,070224,28,Preferred,3.068896104153824
37R,070224,28,Null,1.3198080275469959
37R,070224,28,Plaid,0.7614651811198917
37R,070224,28,Grating,2.1461158826681483
37R,070224,28,Plaid Pref/Null,0.7614651811198917
37R,070224,29,Preferred,4.073115691548724
37R,070224,29,Null,3.391867070452692
37R,070224,29,Plaid,3.2296410535365623
37R,070224,29,Grating,4.0318662805776615
37R,070224,29,Plaid Pref/Null,3.2296410535365623
37R,070224,30,Preferred,7.650959882644963
37R,070224,30,Null,5.3266642513425815
37R,070224,30,Plaid,6.027140215423791
37R,070224,30,Grating,6.124787189511536
37R,070224,30,Plaid Pref/Null,6.027140215423791
37R,070224,31,Preferred,3.481275443063506
37R,070224,31,Null,2.358702151891013
37R,070224,31,Plaid,2.0720966686588325
37R,070224,31,Grating,2.965022049266023
37R,070224,31,Plaid Pref/Null,2.0720966686588325
37R,070224,32,Preferred,3.3786626151247168
37R,070224,32,Null,4.112732861993959
37R,070224,32,Plaid,0.6183979866393237
37R,070224,32,Grating,5.318742061827309
37R,070224,32,Plaid Pref/Null,0.6183979866393237
37R,070224,33,Preferred,4.688287206901202
37R,070224,33,Null,3.5007111084669673
37R,070224,33,Plaid,3.5999515092763716
37R,070224,33,Grating,3.915783913660971
37R,070224,33,Plaid Pref/Null,3.5999515092763716
37R,070224,34,Preferred,3.1110528396445103
37R,070224,34,Null,3.1463691206687536
37R,070224,34,Plaid,2.786712341544767
37R,070224,34,Grating,3.400856488576734
37R,070224,34,Plaid Pref/Null,2.786712341544767
37R,070224,35,Preferred,2.43767311897461
37R,070224,35,Null,1.6097247902259335
37R,070224,35,Plaid,1.4971497380241159
37R,070224,35,Grating,1.8900605021891768
37R,070224,35,Plaid Pref/Null,1.4971497380241159
37R,070224,36,Preferred,4.9714051847459055
37R,070224,36,Null,2.9878696876468496
37R,070224,36,Plaid,2.3191831099717475
37R,070224,36,Grating,4.511451191057658
37R,070224,36,Plaid Pref/Null,2.3191831099717475
37R,070224,37,Preferred,4.139500263892841
37R,070224,37,Null,3.347093707552074
37R,070224,37,Plaid,3.9313729489705453
37R,070224,37,Grating,2.945917318431696
37R,070224,37,Plaid Pref/Null,3.9313729489705453
37R,070224,38,Preferred,3.3075244737127725
37R,070224,38,Null,1.8422136935116238
37R,070224,38,Plaid,2.792604079911202
37R,070224,38,Grating,1.9130408656934934
37R,070224,38,Plaid Pref/Null,2.792604079911202
37R,070224,39,Preferred,5.404023787896618
37R,070224,39,Null,3.2878969386547694
37R,070224,39,Plaid,2.853270030599256
37R,070224,39,Grating,4.273541560913075
37R,070224,39,Plaid Pref/Null,2.853270030599256
37R,070224,40,Preferred,2.859200169822544
37R,070224,40,Null,0.5583909217119956
37R,070224,40,Plaid,2.007461975676582
37R,070224,40,Grating,0.6099520943910579
37R,070224,40,Plaid Pref/Null,2.007461975676582
37R,070224,41,Preferred,3.017031634212363
37R,070224,41,Null,3.278948731893972
37R,070224,41,Plaid,1.7838338852498223
37R,070224,41,Grating,4.275896071948108
37R,070224,41,Plaid Pref/Null,1.7838338852498223
37R,070224,42,Preferred,1.1625157829021942
37R,070224,42,Null,1.2867977340803778
37R,070224,42,Plaid,1.2737468018453628
37R,070224,42,Grating,1.7525173545118755
37R,070224,42,Plaid Pref/Null,1.2737468018453628
37R,070224,43,Preferred,2.108750257728112
37R,070224,43,Null,1.0403342961559627
37R,070224,43,Plaid,2.404542587050209
37R,070224,43,Grating,1.1672178975482645
37R,070224,43,Plaid Pref/Null,2.404542587050209
37R,070224,44,Preferred,8.131824267084681
37R,070224,44,Null,6.093657801540152
37R,070224,44,Plaid,7.888129707026165
37R,070224,44,Grating,2.9740280864774027
37R,070224,44,Plaid Pref/Null,7.888129707026165
37R,070224,45,Preferred,1.443642796187934
37R,070224,45,Null,2.486179511461033
37R,070224,45,Plaid,2.1344693467043117
37R,070224,45,Grating,3.123388988576187
37R,070224,45,Plaid Pref/Null,2.1344693467043117
37R,070224,46,Preferred,2.1049913725073113
37R,070224,46,Null,4.424927780237018
37R,070224,46,Plaid,2.5968963478015965
37R,070224,46,Grating,4.812271674823655
37R,070224,46,Plaid Pref/Null,2.5968963478015965
37R,070224,47,Preferred,3.540955615366461
37R,070224,47,Null,2.6419997850830903
37R,070224,47,Plaid,3.748834009096345
37R,070224,47,Grating,3.7336571072032916
37R,070224,47,Plaid Pref/Null,3.748834009096345
37R,070224,48,Preferred,3.425588464635553
37R,070224,48,Null,3.0034862008697982
37R,070224,48,Plaid,3.057972868672752
37R,070224,48,Grating,3.0074038511308387
37R,070224,48,Plaid Pref/Null,3.057972868672752
37R,070224,49,Preferred,3.5793079514628126
37R,070224,49,Null,3.0100475537216096
37R,070224,49,Plaid,2.6753750844368858
37R,070224,49,Grating,3.2186995898178705
37R,070224,49,Plaid Pref/Null,2.6753750844368858
37R,070224,50,Preferred,2.1471016450676594
37R,070224,50,Null,0.9350779480648513
37R,070224,50,Plaid,0.8812472255849387
37R,070224,50,Grating,1.2961382851025633
37R,070224,50,Plaid Pref/Null,0.8812472255849387
37R,070224,51,Preferred,0.49968178403668345
37R,070224,51,Null,0.3432785017952912
37R,070224,51,Plaid,0.3018466254313719
37R,070224,51,Grating,0.4188171603575739
37R,070224,51,Plaid Pref/Null,0.3018466254313719
37R,070224,52,Preferred,3.0921698055629605
37R,070224,52,Null,3.3737798781612276
37R,070224,52,Plaid,3.5190359523786614
37R,070224,52,Grating,3.0654369469449927
37R,070224,52,Plaid Pref/Null,3.5190359523786614
37R,070224,53,Preferred,5.951977662373933
37R,070224,53,Null,2.76426252800119
37R,070224,53,Plaid,1.1424716984961893
37R,070224,53,Grating,4.188898700778538
37R,070224,53,Plaid Pref/Null,1.1424716984961893
37R,070224,54,Preferred,4.137713952778216
37R,070224,54,Null,2.0922165860969066
37R,070224,54,Plaid,2.11640885526663
37R,070224,54,Grating,3.287260822704544
37R,070224,54,Plaid Pref/Null,2.11640885526663
37R,070224,55,Preferred,3.8881853601899405
37R,070224,55,Null,1.9897533548478632
37R,070224,55,Plaid,0.9116677069906232
37R,070224,55,Grating,3.066345361886099
37R,070224,55,Plaid Pref/Null,0.9116677069906232
37R,070224,56,Preferred,2.181458262430115
37R,070224,56,Null,1.9155532146944945
37R,070224,56,Plaid,1.3777918755480858
37R,070224,56,Grating,2.2078974658430313
37R,070224,56,Plaid Pref/Null,1.3777918755480858
37R,070224,57,Preferred,4.329720323312699
37R,070224,57,Null,2.4480449612908766
37R,070224,57,Plaid,2.583168175552424
37R,070224,57,Grating,3.3141683479697335
37R,070224,57,Plaid Pref/Null,2.583168175552424
37R,070224,58,Preferred,1.6749185994827578
37R,070224,58,Null,1.3714117682525147
37R,070224,58,Plaid,1.4672207999338835
37R,070224,58,Grating,1.4853900759846337
37R,070224,58,Plaid Pref/Null,1.4672207999338835
37R,070224,59,Preferred,3.750983884256628
37R,070224,59,Null,3.117555887302085
37R,070224,59,Plaid,3.348963630926468
37R,070224,59,Grating,3.107109953625913
37R,070224,59,Plaid Pref/Null,3.348963630926468
37R,070224,60,Preferred,3.886072700745022
37R,070224,60,Null,4.295198800108267
37R,070224,60,Plaid,3.6748135066713057
37R,070224,60,Grating,4.7877428567024936
37R,070224,60,Plaid Pref/Null,3.6748135066713057
37R,070224,61,Preferred,2.675335389249179
37R,070224,61,Null,1.432525468235497
37R,070224,61,Plaid,1.1285070069506657
37R,070224,61,Grating,1.7673764405980152
37R,070224,61,Plaid Pref/Null,1.1285070069506657
37R,070224,62,Preferred,2.448769000818836
37R,070224,62,Null,2.0734101618938614
37R,070224,62,Plaid,2.2096783200282806
37R,070224,62,Grating,2.2059043403266085
37R,070224,62,Plaid Pref/Null,2.2096783200282806
37R,070224,63,Preferred,2.7939242362782535
37R,070224,63,Null,2.179644537043424
37R,070224,63,Plaid,1.8559466453346418
37R,070224,63,Grating,2.538804637501603
37R,070224,63,Plaid Pref/Null,1.8559466453346418
37R,070224,64,Preferred,3.250838880831039
37R,070224,64,Null,2.755900699517427
37R,070224,64,Plaid,1.5531196869217936
37R,070224,64,Grating,3.434442446591708
37R,070224,64,Plaid Pref/Null,1.5531196869217936
37R,070224,65,Preferred,2.988624925840961
37R,070224,65,Null,1.9568347976792406
37R,070224,65,Plaid,2.3481590384418616
37R,070224,65,Grating,1.9903074164774084
37R,070224,65,Plaid Pref/Null,2.3481590384418616
37R,070224,66,Preferred,4.282897566582189
37R,070224,66,Null,3.1822696453368446
37R,070224,66,Plaid,3.521884356757459
37R,070224,66,Grating,3.3145412251085338
37R,070224,66,Plaid Pref/Null,3.521884356757459
37R,070224,67,Preferred,2.6828020034211915
37R,070224,67,Null,1.902841183379607
37R,070224,67,Plaid,2.7154391093311525
37R,070224,67,Grating,1.6874165989829268
37R,070224,67,Plaid Pref/Null,2.7154391093311525
37R,070224,68,Preferred,2.3971357789352603
37R,070224,68,Null,1.6612761333997381
37R,070224,68,Plaid,1.92297201462206
37R,070224,68,Grating,0.48818846542517735
37R,070224,68,Plaid Pref/Null,1.92297201462206
37R,070224,69,Preferred,2.216742027849992
37R,070224,69,Null,1.785986102144502
37R,070224,69,Plaid,2.2307245414609636
37R,070224,69,Grating,1.7373479774356668
37R,070224,69,Plaid Pref/Null,2.2307245414609636
37R,070224,70,Preferred,4.324103869212733
37R,070224,70,Null,1.0467391107112816
37R,070224,70,Plaid,0.7004280979688475
37R,070224,70,Grating,2.8221567404469314
37R,070224,70,Plaid Pref/Null,0.7004280979688475
37R,070224,71,Preferred,5.573418758277347
37R,070224,71,Null,2.1191714160513446
37R,070224,71,Plaid,1.9496150157222738
37R,070224,71,Grating,3.7105968242494205
37R,070224,71,Plaid Pref/Null,1.9496150157222738
37R,070224,72,Preferred,1.881196143411485
37R,070224,72,Null,1.206763470759063
37R,070224,72,Plaid,0.4916343731610068
37R,070224,72,Grating,1.74654753381111
37R,070224,72,Plaid Pref/Null,0.4916343731610068
37R,070224,73,Preferred,4.182272103092305
37R,070224,73,Null,2.50548611574258
37R,070224,73,Plaid,3.4388113553235753
37R,070224,73,Grating,2.292702657159941
37R,070224,73,Plaid Pref/Null,3.4388113553235753
37R,070224,74,Preferred,1.0397950846787367
37R,070224,74,Null,0.9979030824925486
37R,070224,74,Plaid,0.9855564726603516
37R,070224,74,Grating,1.0129643044178758
37R,070224,74,Plaid Pref/Null,0.9855564726603516
37R,070224,75,Preferred,4.587699057968565
37R,070224,75,Null,3.557655457055214
37R,070224,75,Plaid,2.6291586343354214
37R,070224,75,Grating,4.716394480592968
37R,070224,75,Plaid Pref/Null,2.6291586343354214
37R,070224,76,Preferred,2.485376928536402
37R,070224,76,Null,2.2122745259208725
37R,070224,76,Plaid,1.9624435632268695
37R,070224,76,Grating,2.537854606640327
37R,070224,76,Plaid Pref/Null,1.9624435632268695
37R,070224,77,Preferred,3.0064997835922562
37R,070224,77,Null,2.0098383819376666
37R,070224,77,Plaid,2.893588165853405
37R,070224,77,Grating,1.46843194476595
37R,070224,77,Plaid Pref/Null,2.893588165853405
37R,070224,78,Preferred,2.1413011294536353
37R,070224,78,Null,1.9259833462892895
37R,070224,78,Plaid,1.9094439506114942
37R,070224,78,Grating,2.0239632945070936
37R,070224,78,Plaid Pref/Null,1.9094439506114942
37R,070224,79,Preferred,1.17620091034756
37R,070224,79,Null,1.1195063454216974
37R,070224,79,Plaid,1.3442321173066507
37R,070224,79,Grating,1.1508783604265223
37R,070224,79,Plaid Pref/Null,1.3442321173066507
37R,070224,80,Preferred,2.2912136187604264
37R,070224,80,Null,3.5061389562977
37R,070224,80,Plaid,3.264079215446862
37R,070224,80,Grating,2.7634220868134785
37R,070224,80,Plaid Pref/Null,3.264079215446862
37R,070224,81,Preferred,1.6211700457497582
37R,070224,81,Null,0.43449249126013184
37R,070224,81,Plaid,0.34673947692473067
37R,070224,81,Grating,0.9090913020299755
37R,070224,81,Plaid Pref/Null,0.34673947692473067
37R,070224,82,Preferred,2.4643614437100894
37R,070224,82,Null,3.421120312114014
37R,070224,82,Plaid,2.692865341703259
37R,070224,82,Grating,2.90516400642837
37R,070224,82,Plaid Pref/Null,2.692865341703259
37R,070224,83,Preferred,1.127257893163515
37R,070224,83,Null,0.9260195972095648
37R,070224,83,Plaid,0.9193219925759293
37R,070224,83,Grating,1.0245068658494638
37R,070224,83,Plaid Pref/Null,0.9193219925759293
37R,070224,84,Preferred,2.343672487725145
37R,070224,84,Null,1.0902843767244799
37R,070224,84,Plaid,0.8464314507409861
37R,070224,84,Grating,1.6989450253442582
37R,070224,84,Plaid Pref/Null,0.8464314507409861
37R,070224,85,Preferred,2.690042649333291
37R,070224,85,Null,2.5990884517781603
37R,070224,85,Plaid,2.4536622820461416
37R,070224,85,Grating,2.716036568281463
37R,070224,85,Plaid Pref/Null,2.4536622820461416
37R,070224,86,Preferred,1.6983169398203612
37R,070224,86,Null,1.021738405524418
37R,070224,86,Plaid,0.9401316328210393
37R,070224,86,Grating,1.693632578794028
37R,070224,86,Plaid Pref/Null,0.9401316328210393
37R,070224,87,Preferred,3.527290993867943
37R,070224,87,Null,1.0051945070177555
37R,070224,87,Plaid,2.842267003411744
37R,070224,87,Grating,0.6413287673591683
37R,070224,87,Plaid Pref/Null,2.842267003411744
37R,070224,88,Preferred,2.732653541313217
37R,070224,88,Null,1.0192763961811484
37R,070224,88,Plaid,0.4581249444791432
37R,070224,88,Grating,2.039716241783893
37R,070224,88,Plaid Pref/Null,0.4581249444791432
37R,070224,89,Preferred,3.7768371187073284
37R,070224,89,Null,1.8281974838366197
37R,070224,89,Plaid,2.091992827707686
37R,070224,89,Grating,3.2557050873680344
37R,070224,89,Plaid Pref/Null,2.091992827707686
37R,070224,90,Preferred,1.1464967448659478
37R,070224,90,Null,0.7581267252102432
37R,070224,90,Plaid,1.1702239822154468
37R,070224,90,Grating,0.5715627137160464
37R,070224,90,Plaid Pref/Null,1.1702239822154468
37R,070224,91,Preferred,3.2326145038789074
37R,070224,91,Null,1.5643395690319895
37R,070224,91,Plaid,1.2684010764126146
37R,070224,91,Grating,2.3281105716383
37R,070224,91,Plaid Pref/Null,1.2684010764126146
37R,070224,92,Preferred,1.1752599443006324
37R,070224,92,Null,1.0879372223874557
37R,070224,92,Plaid,1.010283202659776
37R,070224,92,Grating,1.1423370289628698
37R,070224,92,Plaid Pref/Null,1.010283202659776
37R,070224,93,Preferred,2.57025487520905
37R,070224,93,Null,1.014429010260624
37R,070224,93,Plaid,0.7622716581231864
37R,070224,93,Grating,1.9676966879619007
37R,070224,93,Plaid Pref/Null,0.7622716581231864
37R,070224,94,Preferred,1.3772935498799055
37R,070224,94,Null,0.6955250163107108
37R,070224,94,Plaid,0.3490701111001427
37R,070224,94,Grating,1.2910249015467539
37R,070224,94,Plaid Pref/Null,0.3490701111001427
37R,070224,95,Preferred,1.5316175082994243
37R,070224,95,Null,1.12483361006084
37R,070224,95,Plaid,1.231263814144245
37R,070224,95,Grating,1.1987786842820027
37R,070224,95,Plaid Pref/Null,1.231263814144245
37R,070224,96,Preferred,4.098983367871134
37R,070224,96,Null,2.0816041684300313
37R,070224,96,Plaid,3.5343731895770074
37R,070224,96,Grating,1.4342441477754246
37R,070224,96,Plaid Pref/Null,3.5343731895770074
37R,070224,97,Preferred,0.45724620830061774
37R,070224,97,Null,0.33334963415213675
37R,070224,97,Plaid,0.4033410497619362
37R,070224,97,Grating,0.3374737296541972
37R,070224,97,Plaid Pref/Null,0.4033410497619362
37R,070224,98,Preferred,2.375225736148627
37R,070224,98,Null,1.0244939222736946
37R,070224,98,Plaid,1.319071866869531
37R,070224,98,Grating,1.2447684198038869
37R,070224,98,Plaid Pref/Null,1.319071866869531
37R,070224,99,Preferred,2.901625857995739
37R,070224,99,Null,2.032975697667756
37R,070224,99,Plaid,1.853205172190952
37R,070224,99,Grating,2.4023080593109056
37R,070224,99,Plaid Pref/Null,1.853205172190952
37R,070224,100,Preferred,1.8240502634357743
37R,070224,100,Null,1.5984189797416877
37R,070224,100,Plaid,1.6998214141976593
37R,070224,100,Grating,1.8982095431723154
37R,070224,100,Plaid Pref/Null,1.6998214141976593
37R,070224,101,Preferred,1.488289837927872
37R,070224,101,Null,0.8874842797685627
37R,070224,101,Plaid,0.7764996279475513
37R,070224,101,Grating,1.1906279923602936
37R,070224,101,Plaid Pref/Null,0.7764996279475513
37R,070224,102,Preferred,2.966155657660909
37R,070224,102,Null,2.560181539117423
37R,070224,102,Plaid,3.072367369219845
37R,070224,102,Grating,2.1189600928066037
37R,070224,102,Plaid Pref/Null,3.072367369219845
37R,070224,103,Preferred,0.965669142958008
37R,070224,103,Null,0.5044879337832451
37R,070224,103,Plaid,0.25843153209640407
37R,070224,103,Grating,0.7689361437133249
37R,070224,103,Plaid Pref/Null,0.25843153209640407
37R,070224,104,Preferred,2.6616526505067375
37R,070224,104,Null,3.6192217073370316
37R,070224,104,Plaid,3.4459668558876
37R,070224,104,Grating,2.9648776704268274
37R,070224,104,Plaid Pref/Null,3.4459668558876
37R,070224,105,Preferred,1.6393689995488503
37R,070224,105,Null,2.0709707368275043
37R,070224,105,Plaid,1.901990634286143
37R,070224,105,Grating,2.0830515798319023
37R,070224,105,Plaid Pref/Null,1.901990634286143
37R,070224,106,Preferred,1.2511841242600645
37R,070224,106,Null,0.670002324319229
37R,070224,106,Plaid,0.6065399419647012
37R,070224,106,Grating,0.9203225962434743
37R,070224,106,Plaid Pref/Null,0.6065399419647012
37R,070224,107,Preferred,2.013275848177989
37R,070224,107,Null,0.6987018119274953
37R,070224,107,Plaid,0.5144913240123016
37R,070224,107,Grating,1.2176585952011416
37R,070224,107,Plaid Pref/Null,0.5144913240123016
37R,070224,108,Preferred,1.114299931734319
37R,070224,108,Null,0.6885620252957619
37R,070224,108,Plaid,0.8477277486987823
37R,070224,108,Grating,0.7689042644757301
37R,070224,108,Plaid Pref/Null,0.8477277486987823
37R,070224,109,Preferred,2.7452905209850003
37R,070224,109,Null,0.9047031647046113
37R,070224,109,Plaid,0.3147642695882728
37R,070224,109,Grating,1.6606091883161482
37R,070224,109,Plaid Pref/Null,0.3147642695882728
37R,070224,110,Preferred,0.8397363226245276
37R,070224,110,Null,0.7882952324557005
37R,070224,110,Plaid,0.2533854230886651
37R,070224,110,Grating,1.0350380441512905
37R,070224,110,Plaid Pref/Null,0.2533854230886651
37R,070224,111,Preferred,0.3064253208727482
37R,070224,111,Null,0.27381040461785516
37R,070224,111,Plaid,0.2741234244869065
37R,070224,111,Grating,0.28630038072916775
37R,070224,111,Plaid Pref/Null,0.2741234244869065
37R,070224,112,Preferred,1.4736863049354836
37R,070224,112,Null,0.5963800035402786
37R,070224,112,Plaid,0.6586261515378505
37R,070224,112,Grating,1.0053254508165177
37R,070224,112,Plaid Pref/Null,0.6586261515378505
37R,070224,113,Preferred,1.5024696021633315
37R,070224,113,Null,0.9772268651740527
37R,070224,113,Plaid,1.214508822524848
37R,070224,113,Grating,0.504490618210131
37R,070224,113,Plaid Pref/Null,1.214508822524848
37R,070224,114,Preferred,1.1661124493683277
37R,070224,114,Null,1.0907036578008005
37R,070224,114,Plaid,1.228074951893952
37R,070224,114,Grating,1.0437669563821395
37R,070224,114,Plaid Pref/Null,1.228074951893952
37R,070224,115,Preferred,2.7300734772771653
37R,070224,115,Null,2.1227414682657697
37R,070224,115,Plaid,2.500432332036593
37R,070224,115,Grating,2.4229523290100596
37R,070224,115,Plaid Pref/Null,2.500432332036593
37R,070224,116,Preferred,0.8521288582721366
37R,070224,116,Null,0.6792142593022517
37R,070224,116,Plaid,0.6629937896084366
37R,070224,116,Grating,0.7774560817501108
37R,070224,116,Plaid Pref/Null,0.6629937896084366
37R,070224,117,Preferred,0.34733240716559033
37R,070224,117,Null,0.22459252587582978
37R,070224,117,Plaid,0.23120430140594672
37R,070224,117,Grating,0.25093877739957166
37R,070224,117,Plaid Pref/Null,0.23120430140594672
37R,070224,118,Preferred,1.2333094195970826
37R,070224,118,Null,1.1023156303552037
37R,070224,118,Plaid,0.9475577771338882
37R,070224,118,Grating,1.2379171176194397
37R,070224,118,Plaid Pref/Null,0.9475577771338882
37R,070224,119,Preferred,1.023191742598134
37R,070224,119,Null,0.6594890483544044
37R,070224,119,Plaid,0.6882765318699419
37R,070224,119,Grating,0.703646519553126
37R,070224,119,Plaid Pref/Null,0.6882765318699419
37R,070224,120,Preferred,0.6983736239517957
37R,070224,120,Null,0.7807632254657205
37R,070224,120,Plaid,0.8833212771117365
37R,070224,120,Grating,0.7251951320092576
37R,070224,120,Plaid Pref/Null,0.8833212771117365
37R,070224,121,Preferred,1.908627569828514
37R,070224,121,Null,1.6592074897041706
37R,070224,121,Plaid,1.77391442460121
37R,070224,121,Grating,1.6715052478344674
37R,070224,121,Plaid Pref/Null,1.77391442460121
37R,070224,122,Preferred,2.9046059419934984
37R,070224,122,Null,1.833647803605256
37R,070224,122,Plaid,0.6092548824308883
37R,070224,122,Grating,2.596001623257523
37R,070224,122,Plaid Pref/Null,0.6092548824308883
37R,070224,123,Preferred,0.35735095321272364
37R,070224,123,Null,0.2792995257550103
37R,070224,123,Plaid,0.26538655496287356
37R,070224,123,Grating,0.31398680720410993
37R,070224,123,Plaid Pref/Null,0.26538655496287356
37R,070224,124,Preferred,0.6323548969234388
37R,070224,124,Null,0.4862369762355263
37R,070224,124,Plaid,0.4539738448074048
37R,070224,124,Grating,0.549197346296874
37R,070224,124,Plaid Pref/Null,0.4539738448074048
37R,070224,125,Preferred,0.8907624396126719
37R,070224,125,Null,0.7735866350885632
37R,070224,125,Plaid,0.727253451054253
37R,070224,125,Grating,0.831482238352297
37R,070224,125,Plaid Pref/Null,0.727253451054253
37R,070224,126,Preferred,2.340527723038128
37R,070224,126,Null,2.0979378527891113
37R,070224,126,Plaid,2.4814984119047345
37R,070224,126,Grating,1.9871666013705278
37R,070224,126,Plaid Pref/Null,2.4814984119047345
37R,070224,127,Preferred,1.9327287032156293
37R,070224,127,Null,1.968092100319714
37R,070224,127,Plaid,1.9046971686430105
37R,070224,127,Grating,1.738317197021295
37R,070224,127,Plaid Pref/Null,1.9046971686430105
37R,070224,128,Preferred,2.0110258505372887
37R,070224,128,Null,1.4616443322882033
37R,070224,128,Plaid,1.6160665886337788
37R,070224,128,Grating,1.6431145093255568
37R,070224,128,Plaid Pref/Null,1.6160665886337788
37R,070224,129,Preferred,1.2203179539339803
37R,070224,129,Null,0.7480323491639559
37R,070224,129,Plaid,0.4617832617288074
37R,070224,129,Grating,1.0492020899547059
37R,070224,129,Plaid Pref/Null,0.4617832617288074
37R,070224,130,Preferred,1.3013181712400355
37R,070224,130,Null,1.3193822912436293
37R,070224,130,Plaid,1.850905174216075
37R,070224,130,Grating,0.9396179930958415
37R,070224,130,Plaid Pref/Null,1.850905174216075
37R,070224,131,Preferred,1.8386484282961726
37R,070224,131,Null,2.70053999354652
37R,070224,131,Plaid,2.5216615422925206
37R,070224,131,Grating,2.208868714284975
37R,070224,131,Plaid Pref/Null,2.5216615422925206
37R,070224,132,Preferred,0.6331832205401913
37R,070224,132,Null,0.616611966805819
37R,070224,132,Plaid,0.6104292690186217
37R,070224,132,Grating,0.6277279597543222
37R,070224,132,Plaid Pref/Null,0.6104292690186217
37R,070224,133,Preferred,0.8009291426298116
37R,070224,133,Null,0.6459381754460175
37R,070224,133,Plaid,0.8045758626792718
37R,070224,133,Grating,0.48762473821404717
37R,070224,133,Plaid Pref/Null,0.8045758626792718
37R,070224,134,Preferred,0.9208882751373124
37R,070224,134,Null,0.6873596103179711
37R,070224,134,Plaid,0.906863952971043
37R,070224,134,Grating,0.6171406985164906
37R,070224,134,Plaid Pref/Null,0.906863952971043
37R,070224,135,Preferred,0.5011016054860511
37R,070224,135,Null,0.33664427105273653
37R,070224,135,Plaid,0.4617811870076654
37R,070224,135,Grating,0.328129144033657
37R,070224,135,Plaid Pref/Null,0.4617811870076654
37R,070224,136,Preferred,2.6417268646108036
37R,070224,136,Null,1.3117662752695118
37R,070224,136,Plaid,0.8929426251613476
37R,070224,136,Grating,1.774564461640583
37R,070224,136,Plaid Pref/Null,0.8929426251613476
37R,070224,137,Preferred,0.35296084006687645
37R,070224,137,Null,0.3628175106625708
37R,070224,137,Plaid,0.33394707007832775
37R,070224,137,Grating,0.37648691181250266
37R,070224,137,Plaid Pref/Null,0.33394707007832775
37R,070224,138,Preferred,1.4061305174006777
37R,070224,138,Null,0.9078085701715626
37R,070224,138,Plaid,1.0460759278987088
37R,070224,138,Grating,1.03467970763658
37R,070224,138,Plaid Pref/Null,1.0460759278987088
37R,070224,139,Preferred,2.7408932958104897
37R,070224,139,Null,0.9429382837720758
37R,070224,139,Plaid,2.2594357590669807
37R,070224,139,Grating,0.4444568283413139
37R,070224,139,Plaid Pref/Null,2.2594357590669807
37R,070224,140,Preferred,2.2947891981508057
37R,070224,140,Null,1.4837597182150544
37R,070224,140,Plaid,1.6406912462809762
37R,070224,140,Grating,1.3919764438555822
37R,070224,140,Plaid Pref/Null,1.6406912462809762
37R,070224,141,Preferred,1.6770273444944022
37R,070224,141,Null,0.7217329093000913
37R,070224,141,Plaid,1.5811842818090238
37R,070224,141,Grating,0.5375110791395198
37R,070224,141,Plaid Pref/Null,1.5811842818090238
37R,070224,142,Preferred,2.4945580454535223
37R,070224,142,Null,2.4097440255113147
37R,070224,142,Plaid,1.757800323260335
37R,070224,142,Grating,2.623829423106758
37R,070224,142,Plaid Pref/Null,1.757800323260335
37R,070224,143,Preferred,2.427165704425766
37R,070224,143,Null,1.244357617802826
37R,070224,143,Plaid,1.4304416355856364
37R,070224,143,Grating,1.4100602155535822
37R,070224,143,Plaid Pref/Null,1.4304416355856364
37R,070224,144,Preferred,1.3605982694712755
37R,070224,144,Null,0.9130937003231969
37R,070224,144,Plaid,0.8060774298519143
37R,070224,144,Grating,1.0587386135533097
37R,070224,144,Plaid Pref/Null,0.8060774298519143
37R,070224,145,Preferred,2.780077399493129
37R,070224,145,Null,1.5314716325223638
37R,070224,145,Plaid,1.1449602574746243
37R,070224,145,Grating,2.0587027810685
37R,070224,145,Plaid Pref/Null,1.1449602574746243
37R,070224,146,Preferred,1.030031763856114
37R,070224,146,Null,0.7504816780492579
37R,070224,146,Plaid,0.7024941822676033
37R,070224,146,Grating,0.8148410142954118
37R,070224,146,Plaid Pref/Null,0.7024941822676033
37R,070224,147,Preferred,1.8627940691542204
37R,070224,147,Null,1.9985816048420635
37R,070224,147,Plaid,2.3787574087265124
37R,070224,147,Grating,1.8412208404761057
37R,070224,147,Plaid Pref/Null,2.3787574087265124
37R,070224,148,Preferred,1.3458795328537683
37R,070224,148,Null,1.3479833367178535
37R,070224,148,Plaid,1.0191757033648818
37R,070224,148,Grating,1.4881963041801667
37R,070224,148,Plaid Pref/Null,1.0191757033648818
37R,070224,149,Preferred,1.2480007319193838
37R,070224,149,Null,0.614880329588015
37R,070224,149,Plaid,0.36630407495294026
37R,070224,149,Grating,1.0856083736396702
37R,070224,149,Plaid Pref/Null,0.36630407495294026
37R,070224,150,Preferred,0.6975624472900874
37R,070224,150,Null,0.6365339473318231
37R,070224,150,Plaid,0.5988384402312393
37R,070224,150,Grating,0.6926159880624108
37R,070224,150,Plaid Pref/Null,0.5988384402312393
37R,070224,151,Preferred,2.8359251041499287
37R,070224,151,Null,1.5378782585213866
37R,070224,151,Plaid,1.715677472874707
37R,070224,151,Grating,1.9708272515705851
37R,070224,151,Plaid Pref/Null,1.715677472874707
37R,070224,152,Preferred,0.5499595232037473
37R,070224,152,Null,0.48302436424720463
37R,070224,152,Plaid,0.37546155731152575
37R,070224,152,Grating,0.5573132689405683
37R,070224,152,Plaid Pref/Null,0.37546155731152575
37R,070224,153,Preferred,0.39509236490901767
37R,070224,153,Null,0.3024648420091138
37R,070224,153,Plaid,0.37542769110359114
37R,070224,153,Grating,0.3024917568501032
37R,070224,153,Plaid Pref/Null,0.37542769110359114
37R,070224,154,Preferred,0.3854850364058587
37R,070224,154,Null,0.20124920290983422
37R,070224,154,Plaid,0.27707275888962196
37R,070224,154,Grating,0.22603564998165354
37R,070224,154,Plaid Pref/Null,0.27707275888962196
37R,070224,155,Preferred,0.9381445048925342
37R,070224,155,Null,0.5359815341095759
37R,070224,155,Plaid,0.6637693148090063
37R,070224,155,Grating,0.5982050849241124
37R,070224,155,Plaid Pref/Null,0.6637693148090063
37R,070224,156,Preferred,0.7448855997163631
37R,070224,156,Null,0.6114172479796219
37R,070224,156,Plaid,0.7036754492785172
37R,070224,156,Grating,0.593724772376937
37R,070224,156,Plaid Pref/Null,0.7036754492785172
37R,070224,157,Preferred,0.6354408727566776
37R,070224,157,Null,0.4868844349238748
37R,070224,157,Plaid,0.6673700725879266
37R,070224,157,Grating,0.4220531644284872
37R,070224,157,Plaid Pref/Null,0.6673700725879266
37R,070224,158,Preferred,1.9899542126246772
37R,070224,158,Null,1.4496302489147768
37R,070224,158,Plaid,1.5242385758418862
37R,070224,158,Grating,1.7204855611951817
37R,070224,158,Plaid Pref/Null,1.5242385758418862
37R,070224,159,Preferred,2.8693601037664336
37R,070224,159,Null,1.1868318013230212
37R,070224,159,Plaid,2.087300377666164
37R,070224,159,Grating,0.5708930216558818
37R,070224,159,Plaid Pref/Null,2.087300377666164
37R,070224,160,Preferred,2.425773138866601
37R,070224,160,Null,1.5071771468109996
37R,070224,160,Plaid,2.3945311813854357
37R,070224,160,Grating,0.4962407271013443
37R,070224,160,Plaid Pref/Null,2.3945311813854357
37R,070224,161,Preferred,1.9478495681436383
37R,070224,161,Null,1.3650868097709632
37R,070224,161,Plaid,1.8033961904660738
37R,070224,161,Grating,1.5340071021501258
37R,070224,161,Plaid Pref/Null,1.8033961904660738
37R,070224,162,Preferred,1.0273547925499198
37R,070224,162,Null,0.40997982281915135
37R,070224,162,Plaid,0.20137598428713857
37R,070224,162,Grating,0.6669375217553208
37R,070224,162,Plaid Pref/Null,0.20137598428713857
37R,070224,163,Preferred,1.9199061845330565
37R,070224,163,Null,0.45793198789456935
37R,070224,163,Plaid,0.40522899062212414
37R,070224,163,Grating,0.9794254860895352
37R,070224,163,Plaid Pref/Null,0.40522899062212414
37R,070224,164,Preferred,0.6940729275685293
37R,070224,164,Null,0.3686754476893759
37R,070224,164,Plaid,0.2998117261177531
37R,070224,164,Grating,0.5152467213246513
37R,070224,164,Plaid Pref/Null,0.2998117261177531
37R,070224,165,Preferred,0.72881241345471
37R,070224,165,Null,0.38926920119678393
37R,070224,165,Plaid,0.20618147188667107
37R,070224,165,Grating,0.5278556685000246
37R,070224,165,Plaid Pref/Null,0.20618147188667107
37R,070224,166,Preferred,0.9079792127610244
37R,070224,166,Null,0.7935227187161715
37R,070224,166,Plaid,0.7310338186285236
37R,070224,166,Grating,0.8087104589359928
37R,070224,166,Plaid Pref/Null,0.7310338186285236
37R,070224,167,Preferred,0.49654923174414317
37R,070224,167,Null,0.44754997179746575
37R,070224,167,Plaid,0.5317141795233074
37R,070224,167,Grating,0.41405163372278186
37R,070224,167,Plaid Pref/Null,0.5317141795233074
37R,070224,168,Preferred,2.5743043614307735
37R,070224,168,Null,0.4092764779668454
37R,070224,168,Plaid,0.5346899729743259
37R,070224,168,Grating,1.2631990099597576
37R,070224,168,Plaid Pref/Null,0.5346899729743259
37R,070224,169,Preferred,0.43042051111636404
37R,070224,169,Null,0.3255466440904309
37R,070224,169,Plaid,0.23941904009768825
37R,070224,169,Grating,0.3956506396492069
37R,070224,169,Plaid Pref/Null,0.23941904009768825
37R,070224,170,Preferred,1.6903511560087356
37R,070224,170,Null,1.0415353744928162
37R,070224,170,Plaid,1.2586007027897674
37R,070224,170,Grating,1.458358571871231
37R,070224,170,Plaid Pref/Null,1.2586007027897674
37R,070324,0,Preferred,9.59947585646229
37R,070324,0,Null,7.674990037111367
37R,070324,0,Plaid,7.017203702268014
37R,070324,0,Grating,8.434811304943903
37R,070324,0,Plaid Pref/Null,7.017203702268014
37R,070324,1,Preferred,1.4696801721907142
37R,070324,1,Null,0.9928748445524653
37R,070324,1,Plaid,1.0906096294951841
37R,070324,1,Grating,1.124187433599246
37R,070324,1,Plaid Pref/Null,1.0906096294951841
37R,070324,2,Preferred,2.2617996657094075
37R,070324,2,Null,1.8051077890693208
37R,070324,2,Plaid,1.9700529792404062
37R,070324,2,Grating,1.8037721660928245
37R,070324,2,Plaid Pref/Null,1.9700529792404062
37R,070324,3,Preferred,3.769469737560542
37R,070324,3,Null,2.466204447053233
37R,070324,3,Plaid,3.3237768849527356
37R,070324,3,Grating,3.8476899379415834
37R,070324,3,Plaid Pref/Null,3.3237768849527356
37R,070324,4,Preferred,2.9782105616077263
37R,070324,4,Null,2.497279937332309
37R,070324,4,Plaid,2.644389752325485
37R,070324,4,Grating,3.429585851647342
37R,070324,4,Plaid Pref/Null,2.644389752325485
37R,070324,5,Preferred,1.8018068215009928
37R,070324,5,Null,1.298374197062147
37R,070324,5,Plaid,1.640319608820245
37R,070324,5,Grating,1.3568898040059594
37R,070324,5,Plaid Pref/Null,1.640319608820245
37R,070324,6,Preferred,1.163149599535243
37R,070324,6,Null,1.2257835220766322
37R,070324,6,Plaid,1.4617026762187366
37R,070324,6,Grating,1.1022107329904927
37R,070324,6,Plaid Pref/Null,1.4617026762187366
37R,070324,7,Preferred,3.165695907071238
37R,070324,7,Null,3.171338150997077
37R,070324,7,Plaid,3.1266009611737235
37R,070324,7,Grating,3.2045120567848966
37R,070324,7,Plaid Pref/Null,3.1266009611737235
37R,070324,8,Preferred,0.27879084398950965
37R,070324,8,Null,0.3078216391939936
37R,070324,8,Plaid,0.2669786883113974
37R,070324,8,Grating,0.319680149907902
37R,070324,8,Plaid Pref/Null,0.2669786883113974
37R,070324,9,Preferred,4.3260281397003295
37R,070324,9,Null,4.177648562271758
37R,070324,9,Plaid,4.754380492181595
37R,070324,9,Grating,3.914431752905135
37R,070324,9,Plaid Pref/Null,4.754380492181595
37R,070324,10,Preferred,2.1171168140795413
37R,070324,10,Null,0.6006218766762078
37R,070324,10,Plaid,0.8088135890613999
37R,070324,10,Grating,1.1409355173453122
37R,070324,10,Plaid Pref/Null,0.8088135890613999
37R,070324,11,Preferred,2.6695128760924316
37R,070324,11,Null,1.6242979091684555
37R,070324,11,Plaid,1.8510911290533913
37R,070324,11,Grating,1.8344952156817722
37R,070324,11,Plaid Pref/Null,1.8510911290533913
37R,070324,12,Preferred,1.6183695989251101
37R,070324,12,Null,1.5284814005685183
37R,070324,12,Plaid,1.580841444553733
37R,070324,12,Grating,1.5160144964375641
37R,070324,12,Plaid Pref/Null,1.580841444553733
37R,070324,13,Preferred,2.49590750283074
37R,070324,13,Null,1.3698659074704804
37R,070324,13,Plaid,0.7525562674998137
37R,070324,13,Grating,2.0179294908715613
37R,070324,13,Plaid Pref/Null,0.7525562674998137
37R,070324,14,Preferred,1.3943427098973946
37R,070324,14,Null,1.6057636210376593
37R,070324,14,Plaid,0.979104791977597
37R,070324,14,Grating,1.7074408548772448
37R,070324,14,Plaid Pref/Null,0.979104791977597
37R,070324,15,Preferred,1.7769290338143864
37R,070324,15,Null,2.0829552471542927
37R,070324,15,Plaid,2.4656468234192785
37R,070324,15,Grating,1.810980041204661
37R,070324,15,Plaid Pref/Null,2.4656468234192785
37R,070324,16,Preferred,0.8704347044543705
37R,070324,16,Null,0.6575759286288885
37R,070324,16,Plaid,0.8667288266375768
37R,070324,16,Grating,0.5821308059907984
37R,070324,16,Plaid Pref/Null,0.8667288266375768
37R,070324,17,Preferred,1.6844817163792756
37R,070324,17,Null,1.4730504495037249
37R,070324,17,Plaid,1.0198048787467453
37R,070324,17,Grating,1.7838964500889962
37R,070324,17,Plaid Pref/Null,1.0198048787467453
37R,070324,18,Preferred,1.0002340032335946
37R,070324,18,Null,0.5762654761973734
37R,070324,18,Plaid,0.8771272365277288
37R,070324,18,Grating,0.53151015481957
37R,070324,18,Plaid Pref/Null,0.8771272365277288
37R,070324,19,Preferred,2.1566018348247846
37R,070324,19,Null,1.454307826049718
37R,070324,19,Plaid,1.6571292820142758
37R,070324,19,Grating,1.5751704310554373
37R,070324,19,Plaid Pref/Null,1.6571292820142758
37R,070324,20,Preferred,0.9257102576974083
37R,070324,20,Null,0.43662877142517975
37R,070324,20,Plaid,0.30725842752401705
37R,070324,20,Grating,0.6684381752046733
37R,070324,20,Plaid Pref/Null,0.30725842752401705
37R,070324,21,Preferred,0.24793781164033754
37R,070324,21,Null,0.2530231355836706
37R,070324,21,Plaid,0.21518043575710472
37R,070324,21,Grating,0.2716366830408669
37R,070324,21,Plaid Pref/Null,0.21518043575710472
37R,070324,22,Preferred,2.478701583519781
37R,070324,22,Null,1.545806072891982
37R,070324,22,Plaid,0.4103419338895495
37R,070324,22,Grating,2.648435990025262
37R,070324,22,Plaid Pref/Null,0.4103419338895495
37R,070324,23,Preferred,0.9898643136970079
37R,070324,23,Null,0.6954879350244998
37R,070324,23,Plaid,0.7896728137173943
37R,070324,23,Grating,0.7024142587330849
37R,070324,23,Plaid Pref/Null,0.7896728137173943
37R,070324,24,Preferred,0.9673680657526345
37R,070324,24,Null,0.8814167166717992
37R,070324,24,Plaid,0.9107876061947139
37R,070324,24,Grating,1.0633452169004882
37R,070324,24,Plaid Pref/Null,0.9107876061947139
37R,070324,25,Preferred,2.2920857286302567
37R,070324,25,Null,1.217487461387091
37R,070324,25,Plaid,1.2531391093136484
37R,070324,25,Grating,1.6322332249478753
37R,070324,25,Plaid Pref/Null,1.2531391093136484
37R,070324,26,Preferred,2.2423744813934583
37R,070324,26,Null,1.3237739029629805
37R,070324,26,Plaid,1.7199177839892137
37R,070324,26,Grating,1.7237934839860223
37R,070324,26,Plaid Pref/Null,1.7199177839892137
37R,070324,27,Preferred,0.8112343140939143
37R,070324,27,Null,0.31561414594891124
37R,070324,27,Plaid,0.2669484391542298
37R,070324,27,Grating,0.5879245944436642
37R,070324,27,Plaid Pref/Null,0.2669484391542298
37R,070324,28,Preferred,1.1560161222460104
37R,070324,28,Null,0.5935354206067553
37R,070324,28,Plaid,0.9760531003468084
37R,070324,28,Grating,0.5568964086763734
37R,070324,28,Plaid Pref/Null,0.9760531003468084
37R,070324,29,Preferred,0.6350186259654556
37R,070324,29,Null,0.40485919323090924
37R,070324,29,Plaid,0.3450218450787498
37R,070324,29,Grating,0.4709402252798119
37R,070324,29,Plaid Pref/Null,0.3450218450787498
37R,070324,30,Preferred,0.48776120401618617
37R,070324,30,Null,0.43286413632979553
37R,070324,30,Plaid,0.36102211867770206
37R,070324,30,Grating,0.4716012650992848
37R,070324,30,Plaid Pref/Null,0.36102211867770206
37R,070324,31,Preferred,1.3751630917680617
37R,070324,31,Null,0.8319864210940224
37R,070324,31,Plaid,0.9418197963088344
37R,070324,31,Grating,0.8760358224770444
37R,070324,31,Plaid Pref/Null,0.9418197963088344
37R,070324,32,Preferred,0.5163563820542867
37R,070324,32,Null,0.20460818414519982
37R,070324,32,Plaid,0.27929506676781746
37R,070324,32,Grating,0.32668632664662856
37R,070324,32,Plaid Pref/Null,0.27929506676781746
37R,070324,33,Preferred,3.152552896746987
37R,070324,33,Null,1.0246193221608757
37R,070324,33,Plaid,0.9815679155020893
37R,070324,33,Grating,1.5369905725759831
37R,070324,33,Plaid Pref/Null,0.9815679155020893
37R,070324,34,Preferred,1.9771018795213298
37R,070324,34,Null,1.1267064060225103
37R,070324,34,Plaid,1.166510899472893
37R,070324,34,Grating,1.3298963410215192
37R,070324,34,Plaid Pref/Null,1.166510899472893
37R,070324,35,Preferred,0.8912375058995106
37R,070324,35,Null,0.2978242001301968
37R,070324,35,Plaid,0.4130720250678567
37R,070324,35,Grating,0.6883141342605676
37R,070324,35,Plaid Pref/Null,0.4130720250678567
37R,070324,36,Preferred,1.25035907066954
37R,070324,36,Null,0.9505988462729624
37R,070324,36,Plaid,1.0591172647144356
37R,070324,36,Grating,0.9816176841371768
37R,070324,36,Plaid Pref/Null,1.0591172647144356
37R,070324,37,Preferred,0.8242433119871378
37R,070324,37,Null,0.4824000053679553
37R,070324,37,Plaid,0.5391191914126394
37R,070324,37,Grating,0.6277952831643036
37R,070324,37,Plaid Pref/Null,0.5391191914126394
37R,070324,38,Preferred,0.4745696993917775
37R,070324,38,Null,0.38608220870740295
37R,070324,38,Plaid,0.3289639943672429
37R,070324,38,Grating,0.4296029217778329
37R,070324,38,Plaid Pref/Null,0.3289639943672429
37R,070324,39,Preferred,1.7959448882239022
37R,070324,39,Null,0.4864392562150581
37R,070324,39,Plaid,0.487244744461921
37R,070324,39,Grating,0.7289103325249978
37R,070324,39,Plaid Pref/Null,0.487244744461921
37R,070324,40,Preferred,1.18706169704189
37R,070324,40,Null,0.3220796809415267
37R,070324,40,Plaid,0.9104537289822842
37R,070324,40,Grating,0.333655896702755
37R,070324,40,Plaid Pref/Null,0.9104537289822842
37R,070324,41,Preferred,0.7513962702814362
37R,070324,41,Null,0.3459670615442216
37R,070324,41,Plaid,0.27516828884267547
37R,070324,41,Grating,0.5396882108215
37R,070324,41,Plaid Pref/Null,0.27516828884267547
37R,070324,42,Preferred,0.4069253423857377
37R,070324,42,Null,0.25802102564295637
37R,070324,42,Plaid,0.3715938617579228
37R,070324,42,Grating,0.24138829154815236
37R,070324,42,Plaid Pref/Null,0.3715938617579228
37R,070324,43,Preferred,0.6112958365581833
37R,070324,43,Null,0.41175844060062333
37R,070324,43,Plaid,0.46439267280453883
37R,070324,43,Grating,0.4784823466820887
37R,070324,43,Plaid Pref/Null,0.46439267280453883
37R,070324,44,Preferred,0.204996486206966
37R,070324,44,Null,0.15929007470514847
37R,070324,44,Plaid,0.1636651572892479
37R,070324,44,Grating,0.1716000424579524
37R,070324,44,Plaid Pref/Null,0.1636651572892479
37R,070324,45,Preferred,0.4563579226537101
37R,070324,45,Null,0.2781650363221504
37R,070324,45,Plaid,0.2561390985081794
37R,070324,45,Grating,0.3448065875050213
37R,070324,45,Plaid Pref/Null,0.2561390985081794
37R,070324,46,Preferred,0.6575873807804737
37R,070324,46,Null,0.417002594240016
37R,070324,46,Plaid,0.6157214183538834
37R,070324,46,Grating,0.3205510857037158
37R,070324,46,Plaid Pref/Null,0.6157214183538834
37R,070324,47,Preferred,0.2681891050253926
37R,070324,47,Null,0.22944084523153593
37R,070324,47,Plaid,0.19172727974831322
37R,070324,47,Grating,0.25516176489912434
37R,070324,47,Plaid Pref/Null,0.19172727974831322
37R,070324,48,Preferred,0.814479033611551
37R,070324,48,Null,0.3396741670062483
37R,070324,48,Plaid,0.22744408225436774
37R,070324,48,Grating,0.5621235931969826
37R,070324,48,Plaid Pref/Null,0.22744408225436774
37R,070324,49,Preferred,0.7664715851486347
37R,070324,49,Null,0.22559109975296637
37R,070324,49,Plaid,0.22284443077809082
37R,070324,49,Grating,0.4678175910305578
37R,070324,49,Plaid Pref/Null,0.22284443077809082
37R,070324,50,Preferred,0.5049904980104654
37R,070324,50,Null,0.6583015000352903
37R,070324,50,Plaid,0.5775916331473366
37R,070324,50,Grating,0.6801926155223972
37R,070324,50,Plaid Pref/Null,0.5775916331473366
37R,070324,51,Preferred,0.5311788878859401
37R,070324,51,Null,0.2908442841298496
37R,070324,51,Plaid,0.305203740134203
37R,070324,51,Grating,0.32598890617149895
37R,070324,51,Plaid Pref/Null,0.305203740134203
37R,070324,52,Preferred,0.4642815023260651
37R,070324,52,Null,0.21917797234148703
37R,070324,52,Plaid,0.20111748515751465
37R,070324,52,Grating,0.2643644107162557
37R,070324,52,Plaid Pref/Null,0.20111748515751465
37R2,070924,0,Preferred,0.34161194126523015
37R2,070924,0,Null,0.3312670334235467
37R2,070924,0,Plaid,0.33689886386916346
37R2,070924,0,Grating,0.3296668686212292
37R2,070924,0,Plaid Pref/Null,0.33689886386916346
37R2,070924,1,Preferred,0.182927275080506
37R2,070924,1,Null,0.18248990431247433
37R2,070924,1,Plaid,0.17832584447515773
37R2,070924,1,Grating,0.18324552130690328
37R2,070924,1,Plaid Pref/Null,0.17832584447515773
37R2,070924,2,Preferred,1.1131542274200974
37R2,070924,2,Null,1.6385601384739794
37R2,070924,2,Plaid,1.7249555908654393
37R2,070924,2,Grating,1.514274085323104
37R2,070924,2,Plaid Pref/Null,1.7249555908654393
37R2,070924,3,Preferred,4.388138662516141
37R2,070924,3,Null,3.8733523127296823
37R2,070924,3,Plaid,2.6211955397771556
37R2,070924,3,Grating,4.901486620797218
37R2,070924,3,Plaid Pref/Null,2.6211955397771556
37R2,070924,4,Preferred,0.6835264248875941
37R2,070924,4,Null,0.47273716002099003
37R2,070924,4,Plaid,0.6044713389329275
37R2,070924,4,Grating,0.4516479380061919
37R2,070924,4,Plaid Pref/Null,0.6044713389329275
37R2,070924,5,Preferred,2.3049840322650668
37R2,070924,5,Null,1.905402581559172
37R2,070924,5,Plaid,2.4947589857691517
37R2,070924,5,Grating,1.4613890405732857
37R2,070924,5,Plaid Pref/Null,2.4947589857691517
37R2,070924,6,Preferred,0.747888276298955
37R2,070924,6,Null,0.5264569247130039
37R2,070924,6,Plaid,0.6490294985019636
37R2,070924,6,Grating,0.5356904302636228
37R2,070924,6,Plaid Pref/Null,0.6490294985019636
37R2,070924,7,Preferred,2.890206652039208
37R2,070924,7,Null,2.4873446938922164
37R2,070924,7,Plaid,1.873294888377707
37R2,070924,7,Grating,0.9861004224639016
37R2,070924,7,Plaid Pref/Null,1.873294888377707
37R2,070924,8,Preferred,3.1377769842443652
37R2,070924,8,Null,3.4690421033590613
37R2,070924,8,Plaid,3.0030430125351097
37R2,070924,8,Grating,3.65634844523376
37R2,070924,8,Plaid Pref/Null,3.0030430125351097
37R2,070924,9,Preferred,1.5166166434361215
37R2,070924,9,Null,0.9428323831898925
37R2,070924,9,Plaid,1.1638502425960295
37R2,070924,9,Grating,1.0368049904710004
37R2,070924,9,Plaid Pref/Null,1.1638502425960295
37R2,070924,10,Preferred,0.1647142528555185
37R2,070924,10,Null,0.17351051499999642
37R2,070924,10,Plaid,0.18520397235143557
37R2,070924,10,Grating,0.16662011915796793
37R2,070924,10,Plaid Pref/Null,0.18520397235143557
37R2,070924,11,Preferred,1.852490708547987
37R2,070924,11,Null,1.2255030438796262
37R2,070924,11,Plaid,0.8166606719987568
37R2,070924,11,Grating,3.0806371627019513
37R2,070924,11,Plaid Pref/Null,0.8166606719987568
37R2,070924,12,Preferred,6.374693581859523
37R2,070924,12,Null,2.364032865525149
37R2,070924,12,Plaid,1.667718602208396
37R2,070924,12,Grating,3.373329911063026
37R2,070924,12,Plaid Pref/Null,1.667718602208396
37R2,070924,13,Preferred,4.000478195490358
37R2,070924,13,Null,3.2146625210396853
37R2,070924,13,Plaid,3.583666216932554
37R2,070924,13,Grating,3.43838056564724
37R2,070924,13,Plaid Pref/Null,3.583666216932554
37R2,070924,14,Preferred,4.136758809609894
37R2,070924,14,Null,3.3574733425507763
37R2,070924,14,Plaid,3.6448492705768323
37R2,070924,14,Grating,3.7548452824395064
37R2,070924,14,Plaid Pref/Null,3.6448492705768323
37R2,070924,15,Preferred,2.450225621502328
37R2,070924,15,Null,1.3713321065914108
37R2,070924,15,Plaid,2.1761492800302014
37R2,070924,15,Grating,0.9639631384964074
37R2,070924,15,Plaid Pref/Null,2.1761492800302014
37R2,070924,16,Preferred,0.7909185183239833
37R2,070924,16,Null,0.540137319562248
37R2,070924,16,Plaid,0.545287429514464
37R2,070924,16,Grating,0.5763703971014781
37R2,070924,16,Plaid Pref/Null,0.545287429514464
37R2,070924,17,Preferred,1.7909316620815225
37R2,070924,17,Null,1.2430850489857221
37R2,070924,17,Plaid,1.880612406357819
37R2,070924,17,Grating,1.0238855292788007
37R2,070924,17,Plaid Pref/Null,1.880612406357819
37R2,070924,18,Preferred,4.214368949528076
37R2,070924,18,Null,2.4398690363119164
37R2,070924,18,Plaid,3.4622157874352273
37R2,070924,18,Grating,2.331846419071238
37R2,070924,18,Plaid Pref/Null,3.4622157874352273
37R2,070924,19,Preferred,1.6463905280182347
37R2,070924,19,Null,0.866320696680736
37R2,070924,19,Plaid,1.6593260061883002
37R2,070924,19,Grating,0.43682771551060323
37R2,070924,19,Plaid Pref/Null,1.6593260061883002
37R2,070924,20,Preferred,0.6883783143417218
37R2,070924,20,Null,0.8940470726860799
37R2,070924,20,Plaid,0.9868076853615257
37R2,070924,20,Grating,0.7897125608677782
37R2,070924,20,Plaid Pref/Null,0.9868076853615257
37R2,070924,21,Preferred,2.834096664692737
37R2,070924,21,Null,1.7623933151066513
37R2,070924,21,Plaid,1.6600454745178244
37R2,070924,21,Grating,1.9774743440341955
37R2,070924,21,Plaid Pref/Null,1.6600454745178244
37R2,070924,22,Preferred,3.3521603687102304
37R2,070924,22,Null,1.6862970800384203
37R2,070924,22,Plaid,2.311710601503006
37R2,070924,22,Grating,2.5234549053503526
37R2,070924,22,Plaid Pref/Null,2.311710601503006
37R2,070924,23,Preferred,2.2495393864106537
37R2,070924,23,Null,1.7008050143997384
37R2,070924,23,Plaid,0.7945177294601661
37R2,070924,23,Grating,2.036374467601472
37R2,070924,23,Plaid Pref/Null,0.7945177294601661
37R2,070924,24,Preferred,3.0737933260924546
37R2,070924,24,Null,2.8801458373238575
37R2,070924,24,Plaid,2.8167170278926346
37R2,070924,24,Grating,3.00262993269768
37R2,070924,24,Plaid Pref/Null,2.8167170278926346
37R2,070924,25,Preferred,2.018468843553702
37R2,070924,25,Null,1.2955357990190326
37R2,070924,25,Plaid,1.3605288388499588
37R2,070924,25,Grating,1.3964620070208082
37R2,070924,25,Plaid Pref/Null,1.3605288388499588
37R2,070924,26,Preferred,0.7193042601395355
37R2,070924,26,Null,0.5384637851940671
37R2,070924,26,Plaid,0.5300166812827145
37R2,070924,26,Grating,0.5898283209127005
37R2,070924,26,Plaid Pref/Null,0.5300166812827145
37R2,070924,27,Preferred,3.3086713958860834
37R2,070924,27,Null,2.3529370583613294
37R2,070924,27,Plaid,2.602920296259163
37R2,070924,27,Grating,2.699714099885668
37R2,070924,27,Plaid Pref/Null,2.602920296259163
37R2,070924,28,Preferred,1.6319644248044143
37R2,070924,28,Null,1.3925012502851541
37R2,070924,28,Plaid,1.7565211848894404
37R2,070924,28,Grating,1.1724555855589431
37R2,070924,28,Plaid Pref/Null,1.7565211848894404
37R2,070924,29,Preferred,2.4019227734633644
37R2,070924,29,Null,2.1653334102851693
37R2,070924,29,Plaid,2.12088075759164
37R2,070924,29,Grating,2.248787239013696
37R2,070924,29,Plaid Pref/Null,2.12088075759164
37R2,070924,30,Preferred,0.327760735625118
37R2,070924,30,Null,0.24515526996895493
37R2,070924,30,Plaid,0.2572026138837869
37R2,070924,30,Grating,0.26404672312509053
37R2,070924,30,Plaid Pref/Null,0.2572026138837869
37R2,070924,31,Preferred,1.424972243525498
37R2,070924,31,Null,2.322719817129058
37R2,070924,31,Plaid,2.9192626541995037
37R2,070924,31,Grating,3.368904047318135
37R2,070924,31,Plaid Pref/Null,2.9192626541995037
37R2,070924,32,Preferred,2.578120138539945
37R2,070924,32,Null,1.4800728744644964
37R2,070924,32,Plaid,2.2640079761184344
37R2,070924,32,Grating,1.536717215248411
37R2,070924,32,Plaid Pref/Null,2.2640079761184344
37R2,070924,33,Preferred,0.31231410543023996
37R2,070924,33,Null,0.26727648286007166
37R2,070924,33,Plaid,0.29079660990414447
37R2,070924,33,Grating,0.26783202485058427
37R2,070924,33,Plaid Pref/Null,0.29079660990414447
37R2,070924,34,Preferred,1.8613925718687736
37R2,070924,34,Null,1.3303734161897327
37R2,070924,34,Plaid,1.5033109962071354
37R2,070924,34,Grating,1.4807298142577472
37R2,070924,34,Plaid Pref/Null,1.5033109962071354
37R2,070924,35,Preferred,3.0019077273207655
37R2,070924,35,Null,0.8773629163510912
37R2,070924,35,Plaid,1.3933878634737342
37R2,070924,35,Grating,1.972233222969235
37R2,070924,35,Plaid Pref/Null,1.3933878634737342
37R2,070924,36,Preferred,1.8477736261005633
37R2,070924,36,Null,1.3019635520140898
37R2,070924,36,Plaid,1.851535304444938
37R2,070924,36,Grating,1.282338751698296
37R2,070924,36,Plaid Pref/Null,1.851535304444938
37R2,070924,37,Preferred,1.953216301027767
37R2,070924,37,Null,1.8216942440634278
37R2,070924,37,Plaid,1.9537697461031107
37R2,070924,37,Grating,1.9055551987558477
37R2,070924,37,Plaid Pref/Null,1.9537697461031107
37R2,070924,38,Preferred,1.5898339739367031
37R2,070924,38,Null,0.8833674825475134
37R2,070924,38,Plaid,1.115467594762938
37R2,070924,38,Grating,0.9207206889957885
37R2,070924,38,Plaid Pref/Null,1.115467594762938
37R2,070924,39,Preferred,1.882632395110284
37R2,070924,39,Null,1.2714807172638707
37R2,070924,39,Plaid,1.6839640842868524
37R2,070924,39,Grating,1.2628795877038321
37R2,070924,39,Plaid Pref/Null,1.6839640842868524
37R2,070924,40,Preferred,0.9180994029829369
37R2,070924,40,Null,0.8268783916465442
37R2,070924,40,Plaid,0.8577070172241649
37R2,070924,40,Grating,0.8515277983339249
37R2,070924,40,Plaid Pref/Null,0.8577070172241649
37R2,070924,41,Preferred,1.7142971335439878
37R2,070924,41,Null,1.3815181510224064
37R2,070924,41,Plaid,1.2118114772827224
37R2,070924,41,Grating,1.4937892792159446
37R2,070924,41,Plaid Pref/Null,1.2118114772827224
37R2,070924,42,Preferred,2.484936181208789
37R2,070924,42,Null,2.092055125073014
37R2,070924,42,Plaid,2.144707975483747
37R2,070924,42,Grating,2.205265232924711
37R2,070924,42,Plaid Pref/Null,2.144707975483747
37R2,070924,43,Preferred,1.5122213509825138
37R2,070924,43,Null,0.9923266790925306
37R2,070924,43,Plaid,1.165956763824705
37R2,070924,43,Grating,1.081748931273079
37R2,070924,43,Plaid Pref/Null,1.165956763824705
37R2,070924,44,Preferred,1.049663402336629
37R2,070924,44,Null,1.1411615761370844
37R2,070924,44,Plaid,1.5274298921028235
37R2,070924,44,Grating,0.8803612933822031
37R2,070924,44,Plaid Pref/Null,1.5274298921028235
37R2,070924,45,Preferred,1.2826365824231059
37R2,070924,45,Null,1.165790487834283
37R2,070924,45,Plaid,0.8156519584781696
37R2,070924,45,Grating,1.4443918329071854
37R2,070924,45,Plaid Pref/Null,0.8156519584781696
37R2,070924,46,Preferred,2.688553985929592
37R2,070924,46,Null,1.4010925815128223
37R2,070924,46,Plaid,0.8026985752725925
37R2,070924,46,Grating,2.1447775622278087
37R2,070924,46,Plaid Pref/Null,0.8026985752725925
37R2,070924,47,Preferred,1.6371624791114097
37R2,070924,47,Null,1.6993496238353702
37R2,070924,47,Plaid,2.187961126261705
37R2,070924,47,Grating,1.4477636638798896
37R2,070924,47,Plaid Pref/Null,2.187961126261705
37R2,070924,48,Preferred,3.0899496197263296
37R2,070924,48,Null,0.694044704297878
37R2,070924,48,Plaid,2.5821991026662423
37R2,070924,48,Grating,1.414974367021083
37R2,070924,48,Plaid Pref/Null,2.5821991026662423
37R2,070924,49,Preferred,1.8094307765686604
37R2,070924,49,Null,1.7360455081623707
37R2,070924,49,Plaid,1.5320515424676284
37R2,070924,49,Grating,1.880296024896068
37R2,070924,49,Plaid Pref/Null,1.5320515424676284
37R2,070924,50,Preferred,2.0704868245030084
37R2,070924,50,Null,1.7736349017316584
37R2,070924,50,Plaid,1.4753797192509222
37R2,070924,50,Grating,2.15809170886102
37R2,070924,50,Plaid Pref/Null,1.4753797192509222
37R2,070924,51,Preferred,2.195400647196749
37R2,070924,51,Null,1.3928449529160278
37R2,070924,51,Plaid,1.580454834456659
37R2,070924,51,Grating,1.419097541648906
37R2,070924,51,Plaid Pref/Null,1.580454834456659
37R2,070924,52,Preferred,1.075072266652251
37R2,070924,52,Null,0.40538760466051993
37R2,070924,52,Plaid,0.547312057483694
37R2,070924,52,Grating,0.626522676492637
37R2,070924,52,Plaid Pref/Null,0.547312057483694
37R2,070924,53,Preferred,0.8188941879442941
37R2,070924,53,Null,0.8132614513987152
37R2,070924,53,Plaid,0.9429944921791755
37R2,070924,53,Grating,0.57458675203852
37R2,070924,53,Plaid Pref/Null,0.9429944921791755
37R2,070924,54,Preferred,1.2399121899530097
37R2,070924,54,Null,0.8816530479004238
37R2,070924,54,Plaid,0.7523747394129987
37R2,070924,54,Grating,1.042644651884564
37R2,070924,54,Plaid Pref/Null,0.7523747394129987
37R2,070924,55,Preferred,0.7655744063552749
37R2,070924,55,Null,0.3711446728602205
37R2,070924,55,Plaid,0.42682568474547733
37R2,070924,55,Grating,0.5683301443344912
37R2,070924,55,Plaid Pref/Null,0.42682568474547733
37R2,070924,56,Preferred,0.6971805511467836
37R2,070924,56,Null,0.6637939069868405
37R2,070924,56,Plaid,0.7334741896549692
37R2,070924,56,Grating,0.6251294955854642
37R2,070924,56,Plaid Pref/Null,0.7334741896549692
37R2,070924,57,Preferred,1.2103648008133434
37R2,070924,57,Null,0.714414586501038
37R2,070924,57,Plaid,1.1278636749834627
37R2,070924,57,Grating,0.7786741225111982
37R2,070924,57,Plaid Pref/Null,1.1278636749834627
37R2,070924,58,Preferred,0.35324245582694436
37R2,070924,58,Null,0.2649958548444165
37R2,070924,58,Plaid,0.2575039362877316
37R2,070924,58,Grating,0.28066222608808955
37R2,070924,58,Plaid Pref/Null,0.2575039362877316
37R2,070924,59,Preferred,0.7199032064998638
37R2,070924,59,Null,0.3371675812404258
37R2,070924,59,Plaid,0.4000761255362524
37R2,070924,59,Grating,0.37053156221749667
37R2,070924,59,Plaid Pref/Null,0.4000761255362524
37R2,070924,60,Preferred,0.5701934293514928
37R2,070924,60,Null,0.30787589438902224
37R2,070924,60,Plaid,0.4041048935074967
37R2,070924,60,Grating,0.4155157000513905
37R2,070924,60,Plaid Pref/Null,0.4041048935074967
37R2,070924,61,Preferred,1.736164955851744
37R2,070924,61,Null,0.9907268482390664
37R2,070924,61,Plaid,1.0049255582254901
37R2,070924,61,Grating,1.1729704731471593
37R2,070924,61,Plaid Pref/Null,1.0049255582254901
37R2,070924,62,Preferred,2.4197123732764108
37R2,070924,62,Null,2.4201888370864686
37R2,070924,62,Plaid,2.2941126369673874
37R2,070924,62,Grating,2.6627589246821244
37R2,070924,62,Plaid Pref/Null,2.2941126369673874
37R2,070924,63,Preferred,0.26408896378142965
37R2,070924,63,Null,0.27398290641339984
37R2,070924,63,Plaid,0.2824993009453281
37R2,070924,63,Grating,0.2673018782893361
37R2,070924,63,Plaid Pref/Null,0.2824993009453281
37R2,070924,64,Preferred,1.1172827024024443
37R2,070924,64,Null,0.497516040505542
37R2,070924,64,Plaid,0.4227759835769326
37R2,070924,64,Grating,0.7733804560629902
37R2,070924,64,Plaid Pref/Null,0.4227759835769326
37R2,070924,65,Preferred,1.3039478604471684
37R2,070924,65,Null,0.6108646656253104
37R2,070924,65,Plaid,0.9197114462846725
37R2,070924,65,Grating,0.9676957927882769
37R2,070924,65,Plaid Pref/Null,0.9197114462846725
37R2,070924,66,Preferred,0.40542967733801294
37R2,070924,66,Null,0.3371842952208602
37R2,070924,66,Plaid,0.31307339723383304
37R2,070924,66,Grating,0.3692741341826919
37R2,070924,66,Plaid Pref/Null,0.31307339723383304
37R2,070924,67,Preferred,0.3527559494095583
37R2,070924,67,Null,0.2938581074605582
37R2,070924,67,Plaid,0.38096414212827545
37R2,070924,67,Grating,0.26094939852876115
37R2,070924,67,Plaid Pref/Null,0.38096414212827545
37R2,070924,68,Preferred,1.2231473838297249
37R2,070924,68,Null,0.649687932091364
37R2,070924,68,Plaid,0.6105803207913547
37R2,070924,68,Grating,0.9647258905128991
37R2,070924,68,Plaid Pref/Null,0.6105803207913547
37R2,070924,69,Preferred,0.37382463888879935
37R2,070924,69,Null,0.23636597158281328
37R2,070924,69,Plaid,0.19051592952890217
37R2,070924,69,Grating,0.27831526786325345
37R2,070924,69,Plaid Pref/Null,0.19051592952890217
37R2,070924,70,Preferred,1.4678442902704398
37R2,070924,70,Null,0.8247972008428945
37R2,070924,70,Plaid,0.9502951753551104
37R2,070924,70,Grating,0.9814819555842442
37R2,070924,70,Plaid Pref/Null,0.9502951753551104
37R2,070924,71,Preferred,1.4982520417527179
37R2,070924,71,Null,1.1713483095346178
37R2,070924,71,Plaid,1.0507849097176754
37R2,070924,71,Grating,1.3456293549095548
37R2,070924,71,Plaid Pref/Null,1.0507849097176754
37R2,070924,72,Preferred,1.0210702092524588
37R2,070924,72,Null,0.7356276786139196
37R2,070924,72,Plaid,0.8686309519481141
37R2,070924,72,Grating,0.7671777496485659
37R2,070924,72,Plaid Pref/Null,0.8686309519481141
37R2,070924,73,Preferred,0.8356189203026951
37R2,070924,73,Null,0.6518631691411533
37R2,070924,73,Plaid,0.9354993205743707
37R2,070924,73,Grating,0.7254847692526143
37R2,070924,73,Plaid Pref/Null,0.9354993205743707
37R2,070924,74,Preferred,1.4808498097686387
37R2,070924,74,Null,1.281264375952112
37R2,070924,74,Plaid,1.6284824246177825
37R2,070924,74,Grating,1.090978928814167
37R2,070924,74,Plaid Pref/Null,1.6284824246177825
37R2,070924,75,Preferred,0.3470897790379358
37R2,070924,75,Null,0.3203594575109864
37R2,070924,75,Plaid,0.4525018943180702
37R2,070924,75,Grating,0.2470379189229572
37R2,070924,75,Plaid Pref/Null,0.4525018943180702
37R2,070924,76,Preferred,0.21057607203804377
37R2,070924,76,Null,0.21159671165724914
37R2,070924,76,Plaid,0.18737443640743784
37R2,070924,76,Grating,0.22337288731279803
37R2,070924,76,Plaid Pref/Null,0.18737443640743784
37R2,070924,77,Preferred,1.1999187603548787
37R2,070924,77,Null,0.9491293221789606
37R2,070924,77,Plaid,1.055909452816906
37R2,070924,77,Grating,1.1842935311266527
37R2,070924,77,Plaid Pref/Null,1.055909452816906
37R2,070924,78,Preferred,0.34352706015699674
37R2,070924,78,Null,0.3342423058715764
37R2,070924,78,Plaid,0.32956512447556563
37R2,070924,78,Grating,0.3539619167567806
37R2,070924,78,Plaid Pref/Null,0.32956512447556563
37R2,071024,0,Preferred,6.457562281624475
37R2,071024,0,Null,6.477418021292856
37R2,071024,0,Plaid,4.953155914008881
37R2,071024,0,Grating,7.641209613792369
37R2,071024,0,Plaid Pref/Null,4.953155914008881
37R2,071024,1,Preferred,6.984208472754231
37R2,071024,1,Null,6.940025681786061
37R2,071024,1,Plaid,6.581408911623501
37R2,071024,1,Grating,7.737872076551943
37R2,071024,1,Plaid Pref/Null,6.581408911623501
37R2,071024,2,Preferred,1.6746168172769589
37R2,071024,2,Null,1.0735727201112018
37R2,071024,2,Plaid,1.1251956454793937
37R2,071024,2,Grating,1.293157547296392
37R2,071024,2,Plaid Pref/Null,1.1251956454793937
37R2,071024,3,Preferred,3.221072782286661
37R2,071024,3,Null,3.078741562116379
37R2,071024,3,Plaid,2.417627577186734
37R2,071024,3,Grating,1.4833405320862094
37R2,071024,3,Plaid Pref/Null,2.417627577186734
37R2,071024,4,Preferred,3.6132715192840132
37R2,071024,4,Null,4.125463575632489
37R2,071024,4,Plaid,4.865552293114229
37R2,071024,4,Grating,3.4696468357572634
37R2,071024,4,Plaid Pref/Null,4.865552293114229
37R2,071024,5,Preferred,1.5870505149279106
37R2,071024,5,Null,0.9864970944219358
37R2,071024,5,Plaid,1.6482469545763176
37R2,071024,5,Grating,0.7557990733478908
37R2,071024,5,Plaid Pref/Null,1.6482469545763176
37R2,071024,6,Preferred,2.6209044724916626
37R2,071024,6,Null,1.3961569801317533
37R2,071024,6,Plaid,3.0579007730197514
37R2,071024,6,Grating,2.041339438217329
37R2,071024,6,Plaid Pref/Null,3.0579007730197514
37R2,071024,7,Preferred,2.170669868781442
37R2,071024,7,Null,1.6242835311346915
37R2,071024,7,Plaid,1.7946495455247184
37R2,071024,7,Grating,2.033592328487376
37R2,071024,7,Plaid Pref/Null,1.7946495455247184
37R2,071024,8,Preferred,2.4264520551640243
37R2,071024,8,Null,2.479243598974653
37R2,071024,8,Plaid,1.8807157519719537
37R2,071024,8,Grating,2.772547437065964
37R2,071024,8,Plaid Pref/Null,1.8807157519719537
37R2,071024,9,Preferred,2.7955325618533644
37R2,071024,9,Null,2.7902082993200565
37R2,071024,9,Plaid,2.5285293414688996
37R2,071024,9,Grating,2.9583205384085303
37R2,071024,9,Plaid Pref/Null,2.5285293414688996
37R2,071024,10,Preferred,2.9570173008003056
37R2,071024,10,Null,2.043626197247799
37R2,071024,10,Plaid,2.2772678347079474
37R2,071024,10,Grating,2.511084567882184
37R2,071024,10,Plaid Pref/Null,2.2772678347079474
37R2,071024,11,Preferred,3.245015891615685
37R2,071024,11,Null,3.049274187149572
37R2,071024,11,Plaid,2.606559047238641
37R2,071024,11,Grating,3.2993088872090954
37R2,071024,11,Plaid Pref/Null,2.606559047238641
37R2,071024,12,Preferred,3.073423081363254
37R2,071024,12,Null,1.1348990562408863
37R2,071024,12,Plaid,2.1834537817541775
37R2,071024,12,Grating,2.0343822224883397
37R2,071024,12,Plaid Pref/Null,2.1834537817541775
37R2,071024,13,Preferred,1.3922142897810086
37R2,071024,13,Null,1.595411494475193
37R2,071024,13,Plaid,1.4683341710527757
37R2,071024,13,Grating,1.6346234738482566
37R2,071024,13,Plaid Pref/Null,1.4683341710527757
37R2,071024,14,Preferred,3.2950368987178287
37R2,071024,14,Null,1.9225345193109138
37R2,071024,14,Plaid,1.7845959990251081
37R2,071024,14,Grating,3.0150407557269636
37R2,071024,14,Plaid Pref/Null,1.7845959990251081
37R2,071024,15,Preferred,3.0251501763397357
37R2,071024,15,Null,2.3337707743653766
37R2,071024,15,Plaid,2.1724303018974154
37R2,071024,15,Grating,2.8557800064318806
37R2,071024,15,Plaid Pref/Null,2.1724303018974154
37R2,071024,16,Preferred,2.9572802977292008
37R2,071024,16,Null,1.4059270564089754
37R2,071024,16,Plaid,1.4393170671010933
37R2,071024,16,Grating,2.1036521836815236
37R2,071024,16,Plaid Pref/Null,1.4393170671010933
37R2,071024,17,Preferred,0.6885508366291184
37R2,071024,17,Null,0.5425053833924159
37R2,071024,17,Plaid,0.6727777237926157
37R2,071024,17,Grating,0.5691420333654786
37R2,071024,17,Plaid Pref/Null,0.6727777237926157
37R2,071024,18,Preferred,1.3105015071582322
37R2,071024,18,Null,1.1057607361369235
37R2,071024,18,Plaid,0.8754190806650779
37R2,071024,18,Grating,1.2711053734669526
37R2,071024,18,Plaid Pref/Null,0.8754190806650779
37R2,071024,19,Preferred,4.822704514566393
37R2,071024,19,Null,2.7274015551565283
37R2,071024,19,Plaid,2.510301427995891
37R2,071024,19,Grating,3.515646536552681
37R2,071024,19,Plaid Pref/Null,2.510301427995891
37R2,071024,20,Preferred,1.6106746310694318
37R2,071024,20,Null,1.070069620511939
37R2,071024,20,Plaid,1.4671398756124114
37R2,071024,20,Grating,1.4432818428613468
37R2,071024,20,Plaid Pref/Null,1.4671398756124114
37R2,071024,21,Preferred,1.9026510683466098
37R2,071024,21,Null,0.6292869003442674
37R2,071024,21,Plaid,0.3362678804931517
37R2,071024,21,Grating,1.2087571572673264
37R2,071024,21,Plaid Pref/Null,0.3362678804931517
37R2,071024,22,Preferred,1.928079357778661
37R2,071024,22,Null,1.8149617500758946
37R2,071024,22,Plaid,2.1757311815387093
37R2,071024,22,Grating,1.5535684408087507
37R2,071024,22,Plaid Pref/Null,2.1757311815387093
37R2,071024,23,Preferred,2.7630246777981555
37R2,071024,23,Null,1.9607462874245516
37R2,071024,23,Plaid,2.4893647169113255
37R2,071024,23,Grating,1.7616726940302099
37R2,071024,23,Plaid Pref/Null,2.4893647169113255
37R2,071024,24,Preferred,1.8546546428957067
37R2,071024,24,Null,1.7768885910835819
37R2,071024,24,Plaid,1.519807191785662
37R2,071024,24,Grating,1.8955169267291283
37R2,071024,24,Plaid Pref/Null,1.519807191785662
37R2,071024,25,Preferred,0.928533775099737
37R2,071024,25,Null,0.5548424667702974
37R2,071024,25,Plaid,0.4710966103864205
37R2,071024,25,Grating,0.7371880369523716
37R2,071024,25,Plaid Pref/Null,0.4710966103864205
37R2,071024,26,Preferred,1.834372038379377
37R2,071024,26,Null,1.2357257226554272
37R2,071024,26,Plaid,0.6834759939987588
37R2,071024,26,Grating,1.4194127777573562
37R2,071024,26,Plaid Pref/Null,0.6834759939987588
37R2,071024,27,Preferred,1.6141306151046129
37R2,071024,27,Null,0.9908289481871664
37R2,071024,27,Plaid,1.2742302132320242
37R2,071024,27,Grating,1.001819661549684
37R2,071024,27,Plaid Pref/Null,1.2742302132320242
37R2,071024,28,Preferred,0.7906805250029152
37R2,071024,28,Null,1.0611475682173905
37R2,071024,28,Plaid,0.9853567491654401
37R2,071024,28,Grating,1.0645443448669154
37R2,071024,28,Plaid Pref/Null,0.9853567491654401
37R2,071024,29,Preferred,1.0688535195709423
37R2,071024,29,Null,0.9917733942559689
37R2,071024,29,Plaid,1.0862161944392106
37R2,071024,29,Grating,0.9526295815319177
37R2,071024,29,Plaid Pref/Null,1.0862161944392106
37R2,071024,30,Preferred,3.1399585858729
37R2,071024,30,Null,2.1220372140039334
37R2,071024,30,Plaid,1.6834321844969566
37R2,071024,30,Grating,2.6070098778742654
37R2,071024,30,Plaid Pref/Null,1.6834321844969566
37R2,071024,31,Preferred,1.22003767926173
37R2,071024,31,Null,0.47012923315626803
37R2,071024,31,Plaid,0.3804488870025914
37R2,071024,31,Grating,0.6585073424629991
37R2,071024,31,Plaid Pref/Null,0.3804488870025914
37R2,071024,32,Preferred,1.1320270296701453
37R2,071024,32,Null,0.6537628566072309
37R2,071024,32,Plaid,0.8878783062459193
37R2,071024,32,Grating,0.7031878953631986
37R2,071024,32,Plaid Pref/Null,0.8878783062459193
37R2,071024,33,Preferred,2.2667391520408793
37R2,071024,33,Null,1.0735436699446919
37R2,071024,33,Plaid,1.813500172968696
37R2,071024,33,Grating,1.0769804810067134
37R2,071024,33,Plaid Pref/Null,1.813500172968696
37R2,071024,34,Preferred,1.0222180061582813
37R2,071024,34,Null,0.4994139376874261
37R2,071024,34,Plaid,0.33616056776651365
37R2,071024,34,Grating,0.6288378837743954
37R2,071024,34,Plaid Pref/Null,0.33616056776651365
37R2,071024,35,Preferred,2.4510896895509466
37R2,071024,35,Null,0.8183095148684878
37R2,071024,35,Plaid,0.7955252654285876
37R2,071024,35,Grating,1.4011200650939208
37R2,071024,35,Plaid Pref/Null,0.7955252654285876
37R2,071024,36,Preferred,1.9709203146515226
37R2,071024,36,Null,1.0428847084167752
37R2,071024,36,Plaid,1.473286496073831
37R2,071024,36,Grating,1.1397139705598773
37R2,071024,36,Plaid Pref/Null,1.473286496073831
37R2,071024,37,Preferred,0.1854396309693035
37R2,071024,37,Null,0.21048920101922355
37R2,071024,37,Plaid,0.21624128502413623
37R2,071024,37,Grating,0.20515594977119936
37R2,071024,37,Plaid Pref/Null,0.21624128502413623
37R2,071024,38,Preferred,1.3335082381321541
37R2,071024,38,Null,1.0181841686271549
37R2,071024,38,Plaid,1.0119268104172257
37R2,071024,38,Grating,1.0903474532092614
37R2,071024,38,Plaid Pref/Null,1.0119268104172257
37R2,071024,39,Preferred,1.5974045847386722
37R2,071024,39,Null,0.7986368601314758
37R2,071024,39,Plaid,1.0218587959428338
37R2,071024,39,Grating,1.1470966375022185
37R2,071024,39,Plaid Pref/Null,1.0218587959428338
37R2,071024,40,Preferred,2.979195370073777
37R2,071024,40,Null,1.7301439237298728
37R2,071024,40,Plaid,1.7409871244141115
37R2,071024,40,Grating,2.0367902267270557
37R2,071024,40,Plaid Pref/Null,1.7409871244141115
37R2,071024,41,Preferred,0.825461001171253
37R2,071024,41,Null,0.6477059712434263
37R2,071024,41,Plaid,0.613995627567903
37R2,071024,41,Grating,0.6891068176913816
37R2,071024,41,Plaid Pref/Null,0.613995627567903
37R2,071024,42,Preferred,1.2906588483724797
37R2,071024,42,Null,1.170266133780139
37R2,071024,42,Plaid,1.173573473781965
37R2,071024,42,Grating,1.2608240858729767
37R2,071024,42,Plaid Pref/Null,1.173573473781965
37R2,071024,43,Preferred,1.494455384063753
37R2,071024,43,Null,0.47102551954710253
37R2,071024,43,Plaid,1.0020593890045677
37R2,071024,43,Grating,1.1886558904300946
37R2,071024,43,Plaid Pref/Null,1.0020593890045677
37R2,071024,44,Preferred,3.0256675878529524
37R2,071024,44,Null,1.6604463694261906
37R2,071024,44,Plaid,2.3529126453264144
37R2,071024,44,Grating,1.8772988881568768
37R2,071024,44,Plaid Pref/Null,2.3529126453264144
37R2,071024,45,Preferred,1.8098238038454504
37R2,071024,45,Null,1.6404021529641468
37R2,071024,45,Plaid,1.7279904893358795
37R2,071024,45,Grating,1.5692968735534576
37R2,071024,45,Plaid Pref/Null,1.7279904893358795
37R2,071024,46,Preferred,2.9832602351285824
37R2,071024,46,Null,1.715341451951179
37R2,071024,46,Plaid,1.7037021108639079
37R2,071024,46,Grating,2.142645821553713
37R2,071024,46,Plaid Pref/Null,1.7037021108639079
37R2,071024,47,Preferred,1.4041426679051834
37R2,071024,47,Null,1.0165319316973598
37R2,071024,47,Plaid,1.4435801001250774
37R2,071024,47,Grating,0.9080849532921276
37R2,071024,47,Plaid Pref/Null,1.4435801001250774
37R2,071024,48,Preferred,0.4831246702969079
37R2,071024,48,Null,0.3883805003366646
37R2,071024,48,Plaid,0.46253683516853206
37R2,071024,48,Grating,0.36473607837021443
37R2,071024,48,Plaid Pref/Null,0.46253683516853206
37R2,071024,49,Preferred,1.4710426819662121
37R2,071024,49,Null,1.015963241531665
37R2,071024,49,Plaid,0.7285771589518595
37R2,071024,49,Grating,1.3211809584942327
37R2,071024,49,Plaid Pref/Null,0.7285771589518595
37R2,071024,50,Preferred,0.46274022805713966
37R2,071024,50,Null,0.3457633347114335
37R2,071024,50,Plaid,0.3511897094465924
37R2,071024,50,Grating,0.37368235569760383
37R2,071024,50,Plaid Pref/Null,0.3511897094465924
37R2,071024,51,Preferred,1.320594520348222
37R2,071024,51,Null,0.5721868745634393
37R2,071024,51,Plaid,1.0243479679845822
37R2,071024,51,Grating,0.5407004272283572
37R2,071024,51,Plaid Pref/Null,1.0243479679845822
37R2,071024,52,Preferred,1.5238982185760555
37R2,071024,52,Null,0.9095974994575386
37R2,071024,52,Plaid,0.6936491405552869
37R2,071024,52,Grating,1.0967375772443202
37R2,071024,52,Plaid Pref/Null,0.6936491405552869
37R2,071024,53,Preferred,0.3809890355959417
37R2,071024,53,Null,0.20569274170987017
37R2,071024,53,Plaid,0.25113083743838205
37R2,071024,53,Grating,0.23908854196499518
37R2,071024,53,Plaid Pref/Null,0.25113083743838205
37R2,071024,54,Preferred,1.9088448479652087
37R2,071024,54,Null,1.5282655196152044
37R2,071024,54,Plaid,1.976339655768199
37R2,071024,54,Grating,1.561167065948089
37R2,071024,54,Plaid Pref/Null,1.976339655768199
37R2,071024,55,Preferred,0.9850495789437526
37R2,071024,55,Null,0.7864735284742475
37R2,071024,55,Plaid,0.9347538380086565
37R2,071024,55,Grating,0.7915461471756831
37R2,071024,55,Plaid Pref/Null,0.9347538380086565
37R2,071024,56,Preferred,1.3967172751947177
37R2,071024,56,Null,0.46355326414363324
37R2,071024,56,Plaid,0.5441206571227002
37R2,071024,56,Grating,0.8516200618632934
37R2,071024,56,Plaid Pref/Null,0.5441206571227002
37R2,071024,57,Preferred,1.319001974437926
37R2,071024,57,Null,0.9645893496109329
37R2,071024,57,Plaid,0.6898271475405197
37R2,071024,57,Grating,1.1518142715319248
37R2,071024,57,Plaid Pref/Null,0.6898271475405197
37R2,071024,58,Preferred,0.46546919026654093
37R2,071024,58,Null,0.45817399932928743
37R2,071024,58,Plaid,0.4147330994763752
37R2,071024,58,Grating,0.4824370345870458
37R2,071024,58,Plaid Pref/Null,0.4147330994763752
37R2,071024,59,Preferred,0.3224610128854088
37R2,071024,59,Null,0.3223024497607753
37R2,071024,59,Plaid,0.43140218033055727
37R2,071024,59,Grating,0.25614772611349
37R2,071024,59,Plaid Pref/Null,0.43140218033055727
37R2,071024,60,Preferred,1.754706769562205
37R2,071024,60,Null,0.44853176023743424
37R2,071024,60,Plaid,1.5639848257403381
37R2,071024,60,Grating,0.6480318209890135
37R2,071024,60,Plaid Pref/Null,1.5639848257403381
37R2,071024,61,Preferred,0.9568902510224647
37R2,071024,61,Null,0.7956163779987667
37R2,071024,61,Plaid,0.8360475222700241
37R2,071024,61,Grating,0.8158868534796676
37R2,071024,61,Plaid Pref/Null,0.8360475222700241
37R2,071024,62,Preferred,2.7451375397995523
37R2,071024,62,Null,1.069596147565895
37R2,071024,62,Plaid,0.686794429155415
37R2,071024,62,Grating,1.7880329759580298
37R2,071024,62,Plaid Pref/Null,0.686794429155415
37R2,071024,63,Preferred,1.1760617899673953
37R2,071024,63,Null,0.6704152599726909
37R2,071024,63,Plaid,0.6931377818085084
37R2,071024,63,Grating,0.8073593917041921
37R2,071024,63,Plaid Pref/Null,0.6931377818085084
37R2,071024,64,Preferred,1.9296973179355528
37R2,071024,64,Null,0.751481099241215
37R2,071024,64,Plaid,1.491907705255741
37R2,071024,64,Grating,0.6834318015546591
37R2,071024,64,Plaid Pref/Null,1.491907705255741
37R2,071024,65,Preferred,0.29181698431128045
37R2,071024,65,Null,0.27075632515843506
37R2,071024,65,Plaid,0.24816494919893367
37R2,071024,65,Grating,0.28919766164670396
37R2,071024,65,Plaid Pref/Null,0.24816494919893367
37R2,071024,66,Preferred,0.312298040642978
37R2,071024,66,Null,0.21826913636524953
37R2,071024,66,Plaid,0.25163884318932533
37R2,071024,66,Grating,0.239499691896126
37R2,071024,66,Plaid Pref/Null,0.25163884318932533
37R2,071024,67,Preferred,0.4830685230889492
37R2,071024,67,Null,0.26159832730463123
37R2,071024,67,Plaid,0.41061864641993995
37R2,071024,67,Grating,0.2477515568412084
37R2,071024,67,Plaid Pref/Null,0.41061864641993995
37R2,071024,68,Preferred,0.4908294270885931
37R2,071024,68,Null,0.29105955004492057
37R2,071024,68,Plaid,0.3828394909100689
37R2,071024,68,Grating,0.298139276086344
37R2,071024,68,Plaid Pref/Null,0.3828394909100689
37R2,071024,69,Preferred,0.3286758826079568
37R2,071024,69,Null,0.37090592430904357
37R2,071024,69,Plaid,0.3620295834178611
37R2,071024,69,Grating,0.36508176988386415
37R2,071024,69,Plaid Pref/Null,0.3620295834178611
37R2,071024,70,Preferred,0.750005805356236
37R2,071024,70,Null,0.4647944514180567
37R2,071024,70,Plaid,0.5190414757908858
37R2,071024,70,Grating,0.545713264166869
37R2,071024,70,Plaid Pref/Null,0.5190414757908858
37R2,071024,71,Preferred,1.489038411691966
37R2,071024,71,Null,0.8212834987609139
37R2,071024,71,Plaid,0.4699476827514322
37R2,071024,71,Grating,1.200622187045432
37R2,071024,71,Plaid Pref/Null,0.4699476827514322
37R2,071024,72,Preferred,0.2885688556217759
37R2,071024,72,Null,0.21091996794164838
37R2,071024,72,Plaid,0.16777979410245075
37R2,071024,72,Grating,0.2542408051023028
37R2,071024,72,Plaid Pref/Null,0.16777979410245075
37R2,071024,73,Preferred,1.2926447619892074
37R2,071024,73,Null,0.6197288703469326
37R2,071024,73,Plaid,0.3627482043518865
37R2,071024,73,Grating,0.9130599214202872
37R2,071024,73,Plaid Pref/Null,0.3627482043518865
37R2,071024,74,Preferred,0.5693687308899396
37R2,071024,74,Null,0.5205838298192479
37R2,071024,74,Plaid,0.6048767863368016
37R2,071024,74,Grating,0.49293890383359446
37R2,071024,74,Plaid Pref/Null,0.6048767863368016
42N,022524,0,Preferred,3.586395070572141
42N,022524,0,Null,3.8636072385734788
42N,022524,0,Plaid,2.5349131663250755
42N,022524,0,Grating,4.05689530678151
42N,022524,0,Plaid Pref/Null,2.5349131663250755
42N,022524,1,Preferred,3.984956907983203
42N,022524,1,Null,4.97921933312145
42N,022524,1,Plaid,5.183106334153254
42N,022524,1,Grating,4.61694603036579
42N,022524,1,Plaid Pref/Null,5.183106334153254
42N,022524,2,Preferred,6.503901217230117
42N,022524,2,Null,3.6309077078652985
42N,022524,2,Plaid,2.2725287820802245
42N,022524,2,Grating,4.218942105320142
42N,022524,2,Plaid Pref/Null,2.2725287820802245
42N,022524,3,Preferred,2.6382045000966508
42N,022524,3,Null,1.9100734717883117
42N,022524,3,Plaid,1.051052404848811
42N,022524,3,Grating,2.213897680884127
42N,022524,3,Plaid Pref/Null,1.051052404848811
42N,022524,4,Preferred,7.959245865910244
42N,022524,4,Null,7.898376903915832
42N,022524,4,Plaid,8.112503622482148
42N,022524,4,Grating,7.964250169437587
42N,022524,4,Plaid Pref/Null,8.112503622482148
42N,022524,5,Preferred,6.810327271949845
42N,022524,5,Null,4.6212458143160955
42N,022524,5,Plaid,3.8591066711108004
42N,022524,5,Grating,4.917199090959129
42N,022524,5,Plaid Pref/Null,3.8591066711108004
42N,022524,6,Preferred,2.474509723241295
42N,022524,6,Null,3.7715946227295047
42N,022524,6,Plaid,1.20115210937607
42N,022524,6,Grating,4.210000081802383
42N,022524,6,Plaid Pref/Null,1.20115210937607
42N,022524,7,Preferred,1.7331396185324104
42N,022524,7,Null,2.3743081414630427
42N,022524,7,Plaid,2.2563354928883146
42N,022524,7,Grating,2.3981088506389283
42N,022524,7,Plaid Pref/Null,2.2563354928883146
42N,022524,8,Preferred,4.778678651818527
42N,022524,8,Null,3.413818432195333
42N,022524,8,Plaid,3.4836974978518733
42N,022524,8,Grating,3.0728883771932507
42N,022524,8,Plaid Pref/Null,3.4836974978518733
42N,022524,9,Preferred,3.41507285537129
42N,022524,9,Null,3.528391094282318
42N,022524,9,Plaid,3.6195787751065196
42N,022524,9,Grating,3.5044799339338524
42N,022524,9,Plaid Pref/Null,3.6195787751065196
42N,022524,10,Preferred,3.308318679183908
42N,022524,10,Null,8.91215042985947
42N,022524,10,Plaid,5.631892962798631
42N,022524,10,Grating,9.31110944892642
42N,022524,10,Plaid Pref/Null,5.631892962798631
42N,022524,11,Preferred,1.3946937279321063
42N,022524,11,Null,1.1608113995594105
42N,022524,11,Plaid,0.5416580014999467
42N,022524,11,Grating,1.3871048604675131
42N,022524,11,Plaid Pref/Null,0.5416580014999467
42N,022524,12,Preferred,3.8388935026557216
42N,022524,12,Null,2.9913175157118563
42N,022524,12,Plaid,3.155937684882502
42N,022524,12,Grating,3.6287167054389284
42N,022524,12,Plaid Pref/Null,3.155937684882502
42N,022524,13,Preferred,0.4559379184335047
42N,022524,13,Null,1.0326002694191436
42N,022524,13,Plaid,0.9640429798338067
42N,022524,13,Grating,1.0517955391126161
42N,022524,13,Plaid Pref/Null,0.9640429798338067
42N,022524,14,Preferred,2.1597248029802945
42N,022524,14,Null,2.8666996025191933
42N,022524,14,Plaid,2.7815871169340056
42N,022524,14,Grating,2.9509576098741848
42N,022524,14,Plaid Pref/Null,2.7815871169340056
42N,022524,15,Preferred,1.1877213912180686
42N,022524,15,Null,1.1986977567599657
42N,022524,15,Plaid,1.262131683296345
42N,022524,15,Grating,1.1170274808423086
42N,022524,15,Plaid Pref/Null,1.262131683296345
42N,022524,16,Preferred,0.6013999693581026
42N,022524,16,Null,0.4367252551264143
42N,022524,16,Plaid,0.44951148327883494
42N,022524,16,Grating,0.43461030817256235
42N,022524,16,Plaid Pref/Null,0.44951148327883494
42N,022524,17,Preferred,3.23101707923647
42N,022524,17,Null,0.6831626511275315
42N,022524,17,Plaid,0.3841351629585157
42N,022524,17,Grating,1.606061901381306
42N,022524,17,Plaid Pref/Null,0.3841351629585157
42N,022524,18,Preferred,2.3396051144736214
42N,022524,18,Null,0.6627761295602916
42N,022524,18,Plaid,0.7474544901813269
42N,022524,18,Grating,1.2945171850618835
42N,022524,18,Plaid Pref/Null,0.7474544901813269
42N,022524,19,Preferred,1.8277016594391005
42N,022524,19,Null,1.1122899392166348
42N,022524,19,Plaid,0.9674237794456709
42N,022524,19,Grating,1.5215078508199595
42N,022524,19,Plaid Pref/Null,0.9674237794456709
42N,022524,20,Preferred,1.4028391188060967
42N,022524,20,Null,0.6944352949143694
42N,022524,20,Plaid,0.37229956472815473
42N,022524,20,Grating,0.8289422371867954
42N,022524,20,Plaid Pref/Null,0.37229956472815473
42N,022524,21,Preferred,1.5969465145423385
42N,022524,21,Null,1.0434198537657748
42N,022524,21,Plaid,0.8028837213854644
42N,022524,21,Grating,1.1351201589491806
42N,022524,21,Plaid Pref/Null,0.8028837213854644
42N,022524,22,Preferred,3.031039920928675
42N,022524,22,Null,1.173587792767623
42N,022524,22,Plaid,1.1094413855873704
42N,022524,22,Grating,1.2500769034226271
42N,022524,22,Plaid Pref/Null,1.1094413855873704
42N,022524,23,Preferred,1.8528316671323102
42N,022524,23,Null,1.1058934889739462
42N,022524,23,Plaid,0.9613817887807035
42N,022524,23,Grating,1.3315623873838904
42N,022524,23,Plaid Pref/Null,0.9613817887807035
42N,022524,24,Preferred,0.31286588620151334
42N,022524,24,Null,0.9918867754105654
42N,022524,24,Plaid,1.170568417365001
42N,022524,24,Grating,0.8924171816018184
42N,022524,24,Plaid Pref/Null,1.170568417365001
42N,022524,25,Preferred,1.5758360971215806
42N,022524,25,Null,1.2393624385421895
42N,022524,25,Plaid,1.2708242170259194
42N,022524,25,Grating,1.311547459610504
42N,022524,25,Plaid Pref/Null,1.2708242170259194
42N,022524,26,Preferred,1.2956647702679374
42N,022524,26,Null,1.498578754496947
42N,022524,26,Plaid,1.4988573454528054
42N,022524,26,Grating,1.4520981948972498
42N,022524,26,Plaid Pref/Null,1.4988573454528054
42N,022524,27,Preferred,1.8488513599414438
42N,022524,27,Null,1.452604286023524
42N,022524,27,Plaid,1.6512397746936376
42N,022524,27,Grating,1.3755230577561195
42N,022524,27,Plaid Pref/Null,1.6512397746936376
42N,022524,28,Preferred,0.5675201014388637
42N,022524,28,Null,1.0036565947515914
42N,022524,28,Plaid,0.9392379635757798
42N,022524,28,Grating,1.020861398707047
42N,022524,28,Plaid Pref/Null,0.9392379635757798
42N,022524,29,Preferred,0.6938716015405241
42N,022524,29,Null,0.8178009414465331
42N,022524,29,Plaid,0.8891162941905395
42N,022524,29,Grating,0.7913477763970915
42N,022524,29,Plaid Pref/Null,0.8891162941905395
42N,022524,30,Preferred,1.3263505281705223
42N,022524,30,Null,0.9612848799875789
42N,022524,30,Plaid,1.2386747421863498
42N,022524,30,Grating,0.9837667899726081
42N,022524,30,Plaid Pref/Null,1.2386747421863498
42N,022524,31,Preferred,1.2921804264888468
42N,022524,31,Null,0.9548226798538954
42N,022524,31,Plaid,1.223384399950527
42N,022524,31,Grating,1.053203690015912
42N,022524,31,Plaid Pref/Null,1.223384399950527
42N,022524,32,Preferred,0.7545398540301079
42N,022524,32,Null,0.8654648022186938
42N,022524,32,Plaid,0.7370496796082626
42N,022524,32,Grating,0.8882022501568153
42N,022524,32,Plaid Pref/Null,0.7370496796082626
42N,022524,33,Preferred,0.7042858800689076
42N,022524,33,Null,0.6784789019607055
42N,022524,33,Plaid,0.7106196694368446
42N,022524,33,Grating,0.6700620574533692
42N,022524,33,Plaid Pref/Null,0.7106196694368446
42N,022524,34,Preferred,2.221175723962347
42N,022524,34,Null,1.0224788850467126
42N,022524,34,Plaid,0.8932186619619247
42N,022524,34,Grating,1.1098264937986306
42N,022524,34,Plaid Pref/Null,0.8932186619619247
42N,022524,35,Preferred,1.593907000298739
42N,022524,35,Null,2.5076178026835407
42N,022524,35,Plaid,1.2986854068824338
42N,022524,35,Grating,2.7478489290170773
42N,022524,35,Plaid Pref/Null,1.2986854068824338
42N,022624,0,Preferred,0.8632112566012289
42N,022624,0,Null,1.183579844275481
42N,022624,0,Plaid,0.9618144158495779
42N,022624,0,Grating,1.2569388013141305
42N,022624,0,Plaid Pref/Null,0.9618144158495779
42N,022624,1,Preferred,5.480415653782516
42N,022624,1,Null,5.088687843645492
42N,022624,1,Plaid,4.797370330597185
42N,022624,1,Grating,5.209784138833372
42N,022624,1,Plaid Pref/Null,4.797370330597185
42N,022624,2,Preferred,1.0503702920614462
42N,022624,2,Null,0.9445451431911244
42N,022624,2,Plaid,0.8730754980492943
42N,022624,2,Grating,0.9783327977312415
42N,022624,2,Plaid Pref/Null,0.8730754980492943
42N,022624,3,Preferred,17.26912885579264
42N,022624,3,Null,7.5126534678148005
42N,022624,3,Plaid,7.750108084383238
42N,022624,3,Grating,7.721925669787806
42N,022624,3,Plaid Pref/Null,7.750108084383238
42N,022624,4,Preferred,7.4440306228172295
42N,022624,4,Null,6.081263625654276
42N,022624,4,Plaid,5.40702474943919
42N,022624,4,Grating,6.47621489957484
42N,022624,4,Plaid Pref/Null,5.40702474943919
42N,022624,5,Preferred,3.4543437910162975
42N,022624,5,Null,5.320007197770183
42N,022624,5,Plaid,5.158220839072952
42N,022624,5,Grating,5.32113392804491
42N,022624,5,Plaid Pref/Null,5.158220839072952
42N,022624,6,Preferred,3.9767684185311603
42N,022624,6,Null,3.5071681915753254
42N,022624,6,Plaid,3.1818428422786678
42N,022624,6,Grating,2.3604808419231307
42N,022624,6,Plaid Pref/Null,3.1818428422786678
42N,022624,7,Preferred,6.131375198818417
42N,022624,7,Null,5.256419969761437
42N,022624,7,Plaid,5.458499680568926
42N,022624,7,Grating,5.197935944520147
42N,022624,7,Plaid Pref/Null,5.458499680568926
42N,022624,8,Preferred,2.8439431668837365
42N,022624,8,Null,3.4601510733595306
42N,022624,8,Plaid,2.3972966257822637
42N,022624,8,Grating,3.782770964697161
42N,022624,8,Plaid Pref/Null,2.3972966257822637
42N,022624,9,Preferred,8.64380106309559
42N,022624,9,Null,5.548877071569996
42N,022624,9,Plaid,5.644067921764791
42N,022624,9,Grating,5.595880951741155
42N,022624,9,Plaid Pref/Null,5.644067921764791
42N,022624,10,Preferred,3.458775667841969
42N,022624,10,Null,3.0004985751612345
42N,022624,10,Plaid,3.2854078747302466
42N,022624,10,Grating,2.8647070814893647
42N,022624,10,Plaid Pref/Null,3.2854078747302466
42N,022624,11,Preferred,0.8366779309740088
42N,022624,11,Null,0.9004428147885501
42N,022624,11,Plaid,0.7643648964112323
42N,022624,11,Grating,0.9472328567123801
42N,022624,11,Plaid Pref/Null,0.7643648964112323
42N,022624,12,Preferred,0.7338979648809913
42N,022624,12,Null,1.3419833403351764
42N,022624,12,Plaid,1.1529581396181625
42N,022624,12,Grating,1.4069648073320768
42N,022624,12,Plaid Pref/Null,1.1529581396181625
42N,022624,13,Preferred,3.3934977865483704
42N,022624,13,Null,2.067355638625588
42N,022624,13,Plaid,2.32687595822688
42N,022624,13,Grating,1.9727954435782729
42N,022624,13,Plaid Pref/Null,2.32687595822688
42N,022624,14,Preferred,2.5158255211739164
42N,022624,14,Null,1.1261530830429878
42N,022624,14,Plaid,2.5992664757742934
42N,022624,14,Grating,1.0668609901820014
42N,022624,14,Plaid Pref/Null,2.5992664757742934
42N,022624,15,Preferred,0.5247012222519375
42N,022624,15,Null,0.7026186254552999
42N,022624,15,Plaid,0.7708362440534354
42N,022624,15,Grating,0.6789667123841323
42N,022624,15,Plaid Pref/Null,0.7708362440534354
42N,022624,16,Preferred,1.596399334903097
42N,022624,16,Null,1.7257438600124289
42N,022624,16,Plaid,1.8295367055276577
42N,022624,16,Grating,1.6537636287806243
42N,022624,16,Plaid Pref/Null,1.8295367055276577
42N,022624,17,Preferred,4.159572473235182
42N,022624,17,Null,2.9404208293742338
42N,022624,17,Plaid,2.375927475683833
42N,022624,17,Grating,3.1717311246247806
42N,022624,17,Plaid Pref/Null,2.375927475683833
42N,022624,18,Preferred,0.3044524184363531
42N,022624,18,Null,0.5012329119672487
42N,022624,18,Plaid,0.7547403326973775
42N,022624,18,Grating,0.39245176279587635
42N,022624,18,Plaid Pref/Null,0.7547403326973775
42N,022624,19,Preferred,1.314477833877594
42N,022624,19,Null,1.0736910930602053
42N,022624,19,Plaid,0.9917619302429971
42N,022624,19,Grating,1.2250717901879231
42N,022624,19,Plaid Pref/Null,0.9917619302429971
42N,022624,20,Preferred,2.167425984062143
42N,022624,20,Null,1.8019070541774953
42N,022624,20,Plaid,2.0258728092950142
42N,022624,20,Grating,1.7316230357062827
42N,022624,20,Plaid Pref/Null,2.0258728092950142
42N,022624,21,Preferred,1.7799816672191917
42N,022624,21,Null,1.3812774910695071
42N,022624,21,Plaid,1.230849722472595
42N,022624,21,Grating,1.6259959423246642
42N,022624,21,Plaid Pref/Null,1.230849722472595
42N,022624,22,Preferred,0.9067383255183301
42N,022624,22,Null,0.8666480828810856
42N,022624,22,Plaid,0.8539816207094854
42N,022624,22,Grating,0.8935517062674426
42N,022624,22,Plaid Pref/Null,0.8539816207094854
42N,022624,23,Preferred,1.0177721201179388
42N,022624,23,Null,0.9066839819372647
42N,022624,23,Plaid,1.083455584729478
42N,022624,23,Grating,0.8765274653303029
42N,022624,23,Plaid Pref/Null,1.083455584729478
42N,022624,24,Preferred,4.467214153853681
42N,022624,24,Null,1.732033825024133
42N,022624,24,Plaid,1.1370295954539777
42N,022624,24,Grating,2.042017465764242
42N,022624,24,Plaid Pref/Null,1.1370295954539777
42N,022624,25,Preferred,0.6435073731490628
42N,022624,25,Null,0.580964471766067
42N,022624,25,Plaid,0.5596438746112408
42N,022624,25,Grating,0.6370769109367573
42N,022624,25,Plaid Pref/Null,0.5596438746112408
42N,022624,26,Preferred,1.3059876474766825
42N,022624,26,Null,1.4080429414028093
42N,022624,26,Plaid,1.2072533800252367
42N,022624,26,Grating,1.482733228404633
42N,022624,26,Plaid Pref/Null,1.2072533800252367
42N,022624,27,Preferred,1.234152268922253
42N,022624,27,Null,0.8662245821196546
42N,022624,27,Plaid,0.9067814090150674
42N,022624,27,Grating,0.94948565989955
42N,022624,27,Plaid Pref/Null,0.9067814090150674
44N,022524,0,Preferred,1.0049278072772252
44N,022524,0,Null,1.0604451500775407
44N,022524,0,Plaid,1.1221324841581255
44N,022524,0,Grating,1.0447878934556893
44N,022524,0,Plaid Pref/Null,1.1221324841581255
44N,022524,1,Preferred,1.1598505790703357
44N,022524,1,Null,5.4705823308877735
44N,022524,1,Plaid,1.0934998688647746
44N,022524,1,Grating,6.057632508551242
44N,022524,1,Plaid Pref/Null,1.0934998688647746
44N,022524,2,Preferred,3.81912738816457
44N,022524,2,Null,7.027121524151035
44N,022524,2,Plaid,3.8566242444641015
44N,022524,2,Grating,7.660715236617892
44N,022524,2,Plaid Pref/Null,3.8566242444641015
44N,022524,3,Preferred,2.6310053479137188
44N,022524,3,Null,2.433362086562821
44N,022524,3,Plaid,2.432010929219064
44N,022524,3,Grating,1.9236306682346902
44N,022524,3,Plaid Pref/Null,2.432010929219064
44N,022524,4,Preferred,4.093699821749297
44N,022524,4,Null,1.233509763024526
44N,022524,4,Plaid,1.1802421987247116
44N,022524,4,Grating,3.376198763474349
44N,022524,4,Plaid Pref/Null,1.1802421987247116
44N,022524,5,Preferred,2.3647389749077825
44N,022524,5,Null,2.1119743680579477
44N,022524,5,Plaid,2.3802963224331752
44N,022524,5,Grating,1.9850860915459794
44N,022524,5,Plaid Pref/Null,2.3802963224331752
44N,022524,6,Preferred,4.521250437784967
44N,022524,6,Null,3.0780761003944686
44N,022524,6,Plaid,3.522829253359069
44N,022524,6,Grating,3.020320242672589
44N,022524,6,Plaid Pref/Null,3.522829253359069
44N,022524,7,Preferred,1.9046696511320373
44N,022524,7,Null,1.6244429249350587
44N,022524,7,Plaid,1.4682873202052347
44N,022524,7,Grating,1.7415877350435203
44N,022524,7,Plaid Pref/Null,1.4682873202052347
44N,022524,8,Preferred,3.9808545997069316
44N,022524,8,Null,2.126850184911092
44N,022524,8,Plaid,3.3096681630692797
44N,022524,8,Grating,2.6614227003434894
44N,022524,8,Plaid Pref/Null,3.3096681630692797
44N,022524,9,Preferred,3.451700369383587
44N,022524,9,Null,1.9087066105830222
44N,022524,9,Plaid,3.1250086896712137
44N,022524,9,Grating,2.2303415046111117
44N,022524,9,Plaid Pref/Null,3.1250086896712137
44N,022524,10,Preferred,7.0537468468152715
44N,022524,10,Null,5.49991086762308
44N,022524,10,Plaid,5.5531388754170035
44N,022524,10,Grating,3.5689745018001733
44N,022524,10,Plaid Pref/Null,5.5531388754170035
44N,022524,11,Preferred,2.2932227666955747
44N,022524,11,Null,2.93294113927218
44N,022524,11,Plaid,2.104177640655363
44N,022524,11,Grating,3.2879836026301366
44N,022524,11,Plaid Pref/Null,2.104177640655363
44N,022524,12,Preferred,9.404442666508642
44N,022524,12,Null,3.896468780727732
44N,022524,12,Plaid,5.237957110875893
44N,022524,12,Grating,3.2719576670656036
44N,022524,12,Plaid Pref/Null,5.237957110875893
44N,022524,13,Preferred,3.8733734225228695
44N,022524,13,Null,2.4256669677157747
44N,022524,13,Plaid,2.584609540479433
44N,022524,13,Grating,2.39069237918582
44N,022524,13,Plaid Pref/Null,2.584609540479433
44N,022524,14,Preferred,2.4118763387912177
44N,022524,14,Null,1.4850382424968578
44N,022524,14,Plaid,1.4957244330953856
44N,022524,14,Grating,1.5186823625001042
44N,022524,14,Plaid Pref/Null,1.4957244330953856
44N,022524,15,Preferred,1.4168654475862663
44N,022524,15,Null,0.4534278328354619
44N,022524,15,Plaid,0.6667102868397418
44N,022524,15,Grating,0.8194658957280277
44N,022524,15,Plaid Pref/Null,0.6667102868397418
44N,022524,16,Preferred,5.453142245844319
44N,022524,16,Null,5.462631768261802
44N,022524,16,Plaid,5.535079030054997
44N,022524,16,Grating,5.471556115624146
44N,022524,16,Plaid Pref/Null,5.535079030054997
44N,022524,17,Preferred,2.7392472248199913
44N,022524,17,Null,2.4062274497858844
44N,022524,17,Plaid,3.299940480304014
44N,022524,17,Grating,1.9965108288610032
44N,022524,17,Plaid Pref/Null,3.299940480304014
44N,022524,18,Preferred,1.0194099816174855
44N,022524,18,Null,1.0782339694953154
44N,022524,18,Plaid,1.1139201136909986
44N,022524,18,Grating,1.0705780742170612
44N,022524,18,Plaid Pref/Null,1.1139201136909986
44N,022524,19,Preferred,0.9111643707907787
44N,022524,19,Null,1.1437186786052447
44N,022524,19,Plaid,1.1576833115781615
44N,022524,19,Grating,1.1342188029297657
44N,022524,19,Plaid Pref/Null,1.1576833115781615
44N,022524,20,Preferred,1.8946273872549344
44N,022524,20,Null,1.2123595529485534
44N,022524,20,Plaid,1.4388685746245617
44N,022524,20,Grating,1.142686125846032
44N,022524,20,Plaid Pref/Null,1.4388685746245617
44N,022524,21,Preferred,2.375404982310066
44N,022524,21,Null,0.4398246398373737
44N,022524,21,Plaid,0.5666747214809811
44N,022524,21,Grating,1.7593700724503485
44N,022524,21,Plaid Pref/Null,0.5666747214809811
44N,022524,22,Preferred,3.159204456430056
44N,022524,22,Null,1.3095287476281998
44N,022524,22,Plaid,1.2387919934716844
44N,022524,22,Grating,1.404332729371065
44N,022524,22,Plaid Pref/Null,1.2387919934716844
44N,022524,23,Preferred,1.7363699219943123
44N,022524,23,Null,1.6401835702809118
44N,022524,23,Plaid,1.3015864888124908
44N,022524,23,Grating,1.7737088792847948
44N,022524,23,Plaid Pref/Null,1.3015864888124908
44N,022524,24,Preferred,1.154765579945472
44N,022524,24,Null,0.635886442368946
44N,022524,24,Plaid,0.6609774528062937
44N,022524,24,Grating,0.8602742418649731
44N,022524,24,Plaid Pref/Null,0.6609774528062937
44N,022524,25,Preferred,0.910941579659499
44N,022524,25,Null,0.47248277162913166
44N,022524,25,Plaid,0.7993775327660437
44N,022524,25,Grating,0.5331699953960015
44N,022524,25,Plaid Pref/Null,0.7993775327660437
44N,022524,26,Preferred,1.045294736867635
44N,022524,26,Null,0.9956216569900767
44N,022524,26,Plaid,1.0354393156521347
44N,022524,26,Grating,1.009962723017453
44N,022524,26,Plaid Pref/Null,1.0354393156521347
44N,022524,27,Preferred,0.9827786750628933
44N,022524,27,Null,0.807509700037789
44N,022524,27,Plaid,0.8246926166077759
44N,022524,27,Grating,0.8054921536813289
44N,022524,27,Plaid Pref/Null,0.8246926166077759
44N,022524,28,Preferred,1.7926729108472612
44N,022524,28,Null,1.0135066138625843
44N,022524,28,Plaid,0.8219107371829837
44N,022524,28,Grating,1.1121660102487123
44N,022524,28,Plaid Pref/Null,0.8219107371829837
44N,022624,0,Preferred,4.681195288774142
44N,022624,0,Null,4.017331160298614
44N,022624,0,Plaid,1.769104992743053
44N,022624,0,Grating,4.53614553177685
44N,022624,0,Plaid Pref/Null,1.769104992743053
44N,022624,1,Preferred,0.742948138891073
44N,022624,1,Null,0.94395557494819
44N,022624,1,Plaid,1.0332137307216673
44N,022624,1,Grating,0.9023113441235676
44N,022624,1,Plaid Pref/Null,1.0332137307216673
44N,022624,2,Preferred,0.8058655313636693
44N,022624,2,Null,6.6080725343997795
44N,022624,2,Plaid,1.494620440277205
44N,022624,2,Grating,7.076885242713626
44N,022624,2,Plaid Pref/Null,1.494620440277205
44N,022624,3,Preferred,5.256133758115462
44N,022624,3,Null,4.486199362574239
44N,022624,3,Plaid,5.091756634322294
44N,022624,3,Grating,4.730860587218128
44N,022624,3,Plaid Pref/Null,5.091756634322294
44N,022624,4,Preferred,2.0397953006384713
44N,022624,4,Null,1.987865199361383
44N,022624,4,Plaid,1.9069422631299215
44N,022624,4,Grating,2.1215579506441795
44N,022624,4,Plaid Pref/Null,1.9069422631299215
44N,022624,5,Preferred,4.139579400092702
44N,022624,5,Null,4.055147191873333
44N,022624,5,Plaid,4.005891413709133
44N,022624,5,Grating,4.25076785762386
44N,022624,5,Plaid Pref/Null,4.005891413709133
44N,022624,6,Preferred,7.4026631728634715
44N,022624,6,Null,6.45450347508238
44N,022624,6,Plaid,4.100926654663789
44N,022624,6,Grating,7.277309440844646
44N,022624,6,Plaid Pref/Null,4.100926654663789
44N,022624,7,Preferred,3.7390444783164014
44N,022624,7,Null,3.0807221173970483
44N,022624,7,Plaid,3.86194809659996
44N,022624,7,Grating,3.0691832987009033
44N,022624,7,Plaid Pref/Null,3.86194809659996
44N,022624,8,Preferred,5.259154034159011
44N,022624,8,Null,4.467772158218631
44N,022624,8,Plaid,4.028130900881559
44N,022624,8,Grating,5.051579711681144
44N,022624,8,Plaid Pref/Null,4.028130900881559
44N,022624,9,Preferred,4.217136881937455
44N,022624,9,Null,2.8923413798344684
44N,022624,9,Plaid,2.8234988462646338
44N,022624,9,Grating,3.577544164003258
44N,022624,9,Plaid Pref/Null,2.8234988462646338
44N,022624,10,Preferred,2.1590484136262336
44N,022624,10,Null,1.9889094659901476
44N,022624,10,Plaid,2.1554706903372503
44N,022624,10,Grating,2.0182049468200134
44N,022624,10,Plaid Pref/Null,2.1554706903372503
44N,022624,11,Preferred,0.933288196660619
44N,022624,11,Null,1.664069337087957
44N,022624,11,Plaid,1.9157802604419532
44N,022624,11,Grating,1.530221221409448
44N,022624,11,Plaid Pref/Null,1.9157802604419532
44N,022624,12,Preferred,4.004824684150305
44N,022624,12,Null,2.520974338106881
44N,022624,12,Plaid,2.7700998155302523
44N,022624,12,Grating,2.1454547420199277
44N,022624,12,Plaid Pref/Null,2.7700998155302523
44N,022624,13,Preferred,1.7760410270492186
44N,022624,13,Null,1.7732881796235167
44N,022624,13,Plaid,1.6960931511783803
44N,022624,13,Grating,1.618438646201385
44N,022624,13,Plaid Pref/Null,1.6960931511783803
44N,022624,14,Preferred,1.2611130717544259
44N,022624,14,Null,1.9434557954581397
44N,022624,14,Plaid,2.2290741470834163
44N,022624,14,Grating,1.810349161000549
44N,022624,14,Plaid Pref/Null,2.2290741470834163
44N,022624,15,Preferred,0.5497006842697235
44N,022624,15,Null,0.49976824650146545
44N,022624,15,Plaid,0.5347678235514692
44N,022624,15,Grating,0.5105936937502074
44N,022624,15,Plaid Pref/Null,0.5347678235514692
44N,022624,16,Preferred,2.102763648792722
44N,022624,16,Null,1.043152950085726
44N,022624,16,Plaid,1.4911860798740852
44N,022624,16,Grating,0.8466663917532622
44N,022624,16,Plaid Pref/Null,1.4911860798740852
44N,022624,17,Preferred,2.127712121454031
44N,022624,17,Null,1.541782628102438
44N,022624,17,Plaid,2.1289482638470574
44N,022624,17,Grating,1.6101341442540626
44N,022624,17,Plaid Pref/Null,2.1289482638470574
44N,022624,18,Preferred,1.8995065739081294
44N,022624,18,Null,1.2653405741386532
44N,022624,18,Plaid,1.6405160623651591
44N,022624,18,Grating,1.6425084813619262
44N,022624,18,Plaid Pref/Null,1.6405160623651591
44N,022624,19,Preferred,1.6543563463713735
44N,022624,19,Null,1.7780988096863657
44N,022624,19,Plaid,1.9237550433976631
44N,022624,19,Grating,1.7245091530253522
44N,022624,19,Plaid Pref/Null,1.9237550433976631
44N,022624,20,Preferred,2.0839578061480686
44N,022624,20,Null,0.8413871342462568
44N,022624,20,Plaid,1.4061269838030417
44N,022624,20,Grating,1.2554285596390133
44N,022624,20,Plaid Pref/Null,1.4061269838030417
44N,022624,21,Preferred,4.430766580258549
44N,022624,21,Null,1.9279569519146718
44N,022624,21,Plaid,1.096651258724122
44N,022624,21,Grating,3.475804346185441
44N,022624,21,Plaid Pref/Null,1.096651258724122
44N,022624,22,Preferred,1.7157484559510587
44N,022624,22,Null,1.43419950780506
44N,022624,22,Plaid,1.451764948295398
44N,022624,22,Grating,1.433627010966265
44N,022624,22,Plaid Pref/Null,1.451764948295398
44N,022624,23,Preferred,4.051579497838269
44N,022624,23,Null,2.2006813177921924
44N,022624,23,Plaid,1.6058016599626341
44N,022624,23,Grating,2.494226518666178
44N,022624,23,Plaid Pref/Null,1.6058016599626341
44N,022624,24,Preferred,0.660456885123364
44N,022624,24,Null,0.6827025554313639
44N,022624,24,Plaid,0.9106778753119413
44N,022624,24,Grating,0.5733360371921852
44N,022624,24,Plaid Pref/Null,0.9106778753119413
44N,022624,25,Preferred,2.0839887627423948
44N,022624,25,Null,1.3010272394809905
44N,022624,25,Plaid,1.7212230867784395
44N,022624,25,Grating,1.5446578158812154
44N,022624,25,Plaid Pref/Null,1.7212230867784395
44N,022624,26,Preferred,1.0824948686356153
44N,022624,26,Null,1.3822983632509969
44N,022624,26,Plaid,0.48644846477487036
44N,022624,26,Grating,1.5555333972855705
44N,022624,26,Plaid Pref/Null,0.48644846477487036
44N,022624,27,Preferred,0.243255027183532
44N,022624,27,Null,1.0637818761310875
44N,022624,27,Plaid,0.7854177808871052
44N,022624,27,Grating,1.1523225499477856
44N,022624,27,Plaid Pref/Null,0.7854177808871052
44N,022624,28,Preferred,4.296686342863123
44N,022624,28,Null,2.090240770825267
44N,022624,28,Plaid,1.0948657270181734
44N,022624,28,Grating,2.5626174372019888
44N,022624,28,Plaid Pref/Null,1.0948657270181734
44N,022624,29,Preferred,2.3423187538707273
44N,022624,29,Null,1.7067116027093003
44N,022624,29,Plaid,2.1370996921041328
44N,022624,29,Grating,1.534593963908697
44N,022624,29,Plaid Pref/Null,2.1370996921041328
44N,022624,30,Preferred,1.6785190910100374
44N,022624,30,Null,1.823297837788744
44N,022624,30,Plaid,1.9281765452197261
44N,022624,30,Grating,1.2221323601654759
44N,022624,30,Plaid Pref/Null,1.9281765452197261
44N,022624,31,Preferred,0.9283452107536834
44N,022624,31,Null,2.0242311790687655
44N,022624,31,Plaid,1.7375962426164626
44N,022624,31,Grating,2.189619127927896
44N,022624,31,Plaid Pref/Null,1.7375962426164626
44N,022624,32,Preferred,0.81645616646276
44N,022624,32,Null,0.6760010162966055
44N,022624,32,Plaid,0.8546659741716582
44N,022624,32,Grating,0.6575341841603695
44N,022624,32,Plaid Pref/Null,0.8546659741716582
44N,022624,33,Preferred,2.080467142758808
44N,022624,33,Null,1.2000511735962964
44N,022624,33,Plaid,1.4155722818815568
44N,022624,33,Grating,1.1262096008805016
44N,022624,33,Plaid Pref/Null,1.4155722818815568
